<edmx:Edmx xmlns:edmx="http://schemas.microsoft.com/ado/2007/06/edmx" xmlns:m="http://schemas.microsoft.com/ado/2007/08/dataservices/metadata" xmlns:sap="http://www.sap.com/Protocols/SAPData" Version="1.0">
<edmx:Reference xmlns:edmx="http://docs.oasis-open.org/odata/ns/edmx" Uri="https://ldcix4z.devint.net.sap:44311/sap/opu/odata/iwfnd/catalogservice;v=2/Vocabularies(TechnicalName='%2FIWBEP%2FVOC_AGGREGATION',Version='0001',SAP__Origin='LOCAL')/$value">
<edmx:Include Namespace="Org.OData.Aggregation.V1" Alias="Aggregation"/>
</edmx:Reference>
<edmx:Reference xmlns:edmx="http://docs.oasis-open.org/odata/ns/edmx" Uri="https://ldcix4z.devint.net.sap:44311/sap/opu/odata/iwfnd/catalogservice;v=2/Vocabularies(TechnicalName='%2FIWBEP%2FVOC_ANALYTICS',Version='0001',SAP__Origin='LOCAL')/$value">
<edmx:Include Namespace="com.sap.vocabularies.Analytics.v1" Alias="Analytics"/>
</edmx:Reference>
<edmx:Reference xmlns:edmx="http://docs.oasis-open.org/odata/ns/edmx" Uri="https://ldcix4z.devint.net.sap:44311/sap/opu/odata/iwfnd/catalogservice;v=2/Vocabularies(TechnicalName='%2FIWBEP%2FVOC_CAPABILITIES',Version='0001',SAP__Origin='LOCAL')/$value">
<edmx:Include Namespace="Org.OData.Capabilities.V1" Alias="Capabilities"/>
</edmx:Reference>
<edmx:Reference xmlns:edmx="http://docs.oasis-open.org/odata/ns/edmx" Uri="https://ldcix4z.devint.net.sap:44311/sap/opu/odata/iwfnd/catalogservice;v=2/Vocabularies(TechnicalName='%2FIWBEP%2FVOC_CODELIST',Version='0001',SAP__Origin='LOCAL')/$value">
<edmx:Include Namespace="com.sap.vocabularies.CodeList.v1" Alias="SAP__CodeList"/>
<edmx:Include Namespace="com.sap.vocabularies.CodeList.v1" Alias="CodeList"/>
</edmx:Reference>
<edmx:Reference xmlns:edmx="http://docs.oasis-open.org/odata/ns/edmx" Uri="https://ldcix4z.devint.net.sap:44311/sap/opu/odata/iwfnd/catalogservice;v=2/Vocabularies(TechnicalName='%2FIWBEP%2FVOC_COMMON',Version='0001',SAP__Origin='LOCAL')/$value">
<edmx:Include Namespace="com.sap.vocabularies.Common.v1" Alias="Common"/>
<edmx:Include Namespace="com.sap.vocabularies.Common.v1" Alias="SAP__common"/>
</edmx:Reference>
<edmx:Reference xmlns:edmx="http://docs.oasis-open.org/odata/ns/edmx" Uri="https://ldcix4z.devint.net.sap:44311/sap/opu/odata/iwfnd/catalogservice;v=2/Vocabularies(TechnicalName='%2FIWBEP%2FVOC_COMMUNICATION',Version='0001',SAP__Origin='LOCAL')/$value">
<edmx:Include Namespace="com.sap.vocabularies.Communication.v1" Alias="Communication"/>
</edmx:Reference>
<edmx:Reference xmlns:edmx="http://docs.oasis-open.org/odata/ns/edmx" Uri="https://ldcix4z.devint.net.sap:44311/sap/opu/odata/iwfnd/catalogservice;v=2/Vocabularies(TechnicalName='%2FIWBEP%2FVOC_CORE',Version='0001',SAP__Origin='LOCAL')/$value">
<edmx:Include Namespace="Org.OData.Core.V1" Alias="SAP__core"/>
</edmx:Reference>
<edmx:Reference xmlns:edmx="http://docs.oasis-open.org/odata/ns/edmx" Uri="https://ldcix4z.devint.net.sap:44311/sap/opu/odata/iwfnd/catalogservice;v=2/Vocabularies(TechnicalName='%2FIWBEP%2FVOC_MEASURES',Version='0001',SAP__Origin='LOCAL')/$value">
<edmx:Include Namespace="Org.OData.Measures.V1" Alias="Measures"/>
</edmx:Reference>
<edmx:Reference xmlns:edmx="http://docs.oasis-open.org/odata/ns/edmx" Uri="https://ldcix4z.devint.net.sap:44311/sap/opu/odata/iwfnd/catalogservice;v=2/Vocabularies(TechnicalName='%2FIWBEP%2FVOC_PERSONALDATA',Version='0001',SAP__Origin='LOCAL')/$value">
<edmx:Include Namespace="com.sap.vocabularies.PersonalData.v1" Alias="PersonalData"/>
</edmx:Reference>
<edmx:Reference xmlns:edmx="http://docs.oasis-open.org/odata/ns/edmx" Uri="https://ldcix4z.devint.net.sap:44311/sap/opu/odata/iwfnd/catalogservice;v=2/Vocabularies(TechnicalName='%2FIWBEP%2FVOC_UI',Version='0001',SAP__Origin='LOCAL')/$value">
<edmx:Include Namespace="com.sap.vocabularies.UI.v1" Alias="UI"/>
</edmx:Reference>
<edmx:Reference xmlns:edmx="http://docs.oasis-open.org/odata/ns/edmx" Uri="https://ldcix4z.devint.net.sap:44311/sap/opu/odata/iwfnd/catalogservice;v=2/Vocabularies(TechnicalName='%2FIWBEP%2FVOC_VALIDATION',Version='0001',SAP__Origin='LOCAL')/$value">
<edmx:Include Namespace="Org.OData.Validation.V1" Alias="Validation"/>
</edmx:Reference>
<edmx:DataServices m:DataServiceVersion="2.0">
<Schema xmlns="http://schemas.microsoft.com/ado/2008/09/edm" Namespace="cds_ui_portcallanalysis" xml:lang="en" sap:schema-version="1">
<Annotation xmlns="http://docs.oasis-open.org/odata/ns/edm" Term="Core.SchemaVersion" String="1.0.0"/>
<EntityType Name="C_CSLMEASURECARRIERCARGOType" sap:semantics="aggregate" sap:label="Measure Carrier Cargo" sap:content-version="1">
<Key>
<PropertyRef Name="ID"/>
</Key>
<Property Name="ID" Type="Edm.String" Nullable="false" sap:sortable="false" sap:filterable="false"/>
<Property Name="PortCallKey" Type="Edm.Guid" sap:aggregation-role="dimension" sap:label="NodeID" sap:heading=""/>
<Property Name="PortCallID" Type="Edm.String" MaxLength="10" sap:aggregation-role="dimension" sap:display-format="UpperCase" sap:label="Port Call" sap:quickinfo="Port Call ID"/>
<Property Name="PortName" Type="Edm.String" MaxLength="40" sap:aggregation-role="dimension" sap:label="Port" sap:quickinfo="Location Description"/>
<Property Name="PortID" Type="Edm.String" MaxLength="20" sap:aggregation-role="dimension" sap:label="Location"/>
<Property Name="TerminalName" Type="Edm.String" MaxLength="40" sap:aggregation-role="dimension" sap:label="Terminal" sap:quickinfo="Location Description"/>
<Property Name="TerminalID" Type="Edm.String" MaxLength="20" sap:aggregation-role="dimension" sap:label="Location"/>
<Property Name="Vessel" Type="Edm.String" MaxLength="35" sap:aggregation-role="dimension" sap:display-format="UpperCase" sap:label="Vessel"/>
<Property Name="VoyageID" Type="Edm.String" MaxLength="10" sap:aggregation-role="dimension" sap:label="Voyage" sap:quickinfo="Voyage / Train Number"/>
<Property Name="VesselOperator" Type="Edm.String" MaxLength="81" sap:aggregation-role="dimension" sap:label="Vessel Operator"/>
<Property Name="ScheduleUUID" Type="Edm.Guid" sap:aggregation-role="dimension" sap:label="Schedule Root Unique ID"/>
<Property Name="VesselOperatorID" Type="Edm.String" MaxLength="10" sap:aggregation-role="dimension" sap:display-format="UpperCase" sap:label="Vessel Operator"/>
<Property Name="LineID" Type="Edm.String" MaxLength="40" sap:aggregation-role="dimension" sap:display-format="UpperCase" sap:label="Line" sap:quickinfo="Loop"/>
<Property Name="ArrivalDate" Type="Edm.DateTime" Precision="0" sap:aggregation-role="dimension" sap:display-format="Date" sap:filter-restriction="interval" sap:label="Arrival Date"/>
<Property Name="CalendarYear" Type="Edm.String" MaxLength="4" sap:aggregation-role="dimension" sap:display-format="NonNegative" sap:label="Year" sap:quickinfo="Calendar Year"/>
<Property Name="CalendarQuarter" Type="Edm.String" MaxLength="1" sap:aggregation-role="dimension" sap:display-format="NonNegative" sap:label="Quarter" sap:quickinfo="Calendar Quarter"/>
<Property Name="CalendarMonth" Type="Edm.String" MaxLength="2" sap:aggregation-role="dimension" sap:display-format="NonNegative" sap:label="Month" sap:quickinfo="Calendar Month"/>
<Property Name="CalendarYQ" Type="Edm.String" MaxLength="9" sap:aggregation-role="dimension" sap:label="Year/Quarter"/>
<Property Name="BookingNumber" Type="Edm.String" MaxLength="20" sap:aggregation-role="dimension" sap:display-format="UpperCase" sap:label="Booking Number" sap:quickinfo="ID of Forwarding Order, Quotation, or Transportation Request"/>
<Property Name="ContainerID" Type="Edm.String" MaxLength="40" sap:aggregation-role="dimension" sap:label="Container ID" sap:quickinfo="Container"/>
<Property Name="Customer" Type="Edm.String" MaxLength="10" sap:aggregation-role="dimension" sap:display-format="UpperCase" sap:label="Customer"/>
<Property Name="Status" Type="Edm.String" MaxLength="9" sap:aggregation-role="dimension" sap:label="Cargo Status"/>
<Property Name="StatusOrdering" Type="Edm.Byte" sap:aggregation-role="dimension"/>
<Property Name="CargoGroup" Type="Edm.String" MaxLength="9" sap:aggregation-role="dimension"/>
<Property Name="SortOrder" Type="Edm.Byte" sap:aggregation-role="dimension"/>
<Property Name="CutReason" Type="Edm.String" MaxLength="8" sap:aggregation-role="dimension" sap:display-format="UpperCase" sap:label="Reason Code"/>
<Property Name="Reason" Type="Edm.String" MaxLength="80" sap:aggregation-role="dimension" sap:label="Cut Reason" sap:quickinfo="Reason Code Description"/>
<Property Name="ResponsibleParty" Type="Edm.String" MaxLength="8" sap:aggregation-role="dimension" sap:label="Cut Responsible Party"/>
<Property Name="Criticality" Type="Edm.Byte" sap:aggregation-role="dimension"/>
<Property Name="BreakBulkFlag" Type="Edm.Boolean" sap:aggregation-role="dimension" sap:display-format="UpperCase" sap:label="Break Bulk"/>
<Property Name="DGFlag" Type="Edm.Boolean" sap:aggregation-role="dimension" sap:display-format="UpperCase" sap:label="Dangerous Goods"/>
<Property Name="DocumentReadiness" Type="Edm.String" MaxLength="15" sap:aggregation-role="dimension" sap:label="Overall Documentation Readiness"/>
<Property Name="OperationalReadiness" Type="Edm.String" MaxLength="15" sap:aggregation-role="dimension" sap:label="Operational Readiness of Cargo"/>
<Property Name="FinancialReadiness" Type="Edm.String" MaxLength="15" sap:aggregation-role="dimension" sap:label="Financial Readiness of Cargo"/>
<Property Name="OutofGaugeFlag" Type="Edm.Boolean" sap:aggregation-role="dimension" sap:display-format="UpperCase" sap:label="Out of Gauge Cargo" sap:quickinfo="Out of Gauge"/>
<Property Name="ReeferFlag" Type="Edm.Boolean" sap:aggregation-role="dimension" sap:display-format="UpperCase" sap:label="Reefer Cargo" sap:quickinfo="Reefer"/>
<Property Name="NumberofContainers" Type="Edm.Decimal" Precision="10" Scale="2" sap:aggregation-role="measure" sap:label="Total Containers" sap:filterable="false"/>
</EntityType>
<EntityType Name="C_CSLMeasurePartnerCargoType" sap:semantics="aggregate" sap:label="Measure Partner Cargo" sap:content-version="1">
<Key>
<PropertyRef Name="ID"/>
</Key>
<Property Name="ID" Type="Edm.String" Nullable="false" sap:sortable="false" sap:filterable="false"/>
<Property Name="PortCallKey" Type="Edm.Guid" sap:aggregation-role="dimension" sap:label="NodeID" sap:heading=""/>
<Property Name="PortCallID" Type="Edm.String" MaxLength="10" sap:aggregation-role="dimension" sap:display-format="UpperCase" sap:label="Port Call" sap:quickinfo="Port Call ID"/>
<Property Name="PortName" Type="Edm.String" MaxLength="40" sap:aggregation-role="dimension" sap:label="Port" sap:quickinfo="Location Description"/>
<Property Name="PortID" Type="Edm.String" MaxLength="20" sap:aggregation-role="dimension" sap:label="Location"/>
<Property Name="TerminalName" Type="Edm.String" MaxLength="40" sap:aggregation-role="dimension" sap:label="Terminal" sap:quickinfo="Location Description"/>
<Property Name="TerminalID" Type="Edm.String" MaxLength="20" sap:aggregation-role="dimension" sap:label="Location"/>
<Property Name="Vessel" Type="Edm.String" MaxLength="35" sap:aggregation-role="dimension" sap:display-format="UpperCase" sap:label="Vessel"/>
<Property Name="VoyageID" Type="Edm.String" MaxLength="10" sap:aggregation-role="dimension" sap:label="Voyage" sap:quickinfo="Voyage / Train Number"/>
<Property Name="LineID" Type="Edm.String" MaxLength="40" sap:aggregation-role="dimension" sap:display-format="UpperCase" sap:label="Line" sap:quickinfo="Loop"/>
<Property Name="VesselOperator" Type="Edm.String" MaxLength="81" sap:label="Vessel Operator"/>
<Property Name="PartnerName" Type="Edm.String" MaxLength="81" sap:label="Partner"/>
<Property Name="ScheduleUUID" Type="Edm.Guid" sap:aggregation-role="dimension" sap:label="Schedule Root Unique ID"/>
<Property Name="VesselOperatorID" Type="Edm.String" MaxLength="10" sap:aggregation-role="dimension" sap:display-format="UpperCase" sap:label="Vessel Operator"/>
<Property Name="ArrivalDate" Type="Edm.DateTime" Precision="0" sap:aggregation-role="dimension" sap:display-format="Date" sap:filter-restriction="interval" sap:label="Arrival Date"/>
<Property Name="CalendarYear" Type="Edm.String" MaxLength="4" sap:aggregation-role="dimension" sap:display-format="NonNegative" sap:label="Year" sap:quickinfo="Calendar Year"/>
<Property Name="CalendarQuarter" Type="Edm.String" MaxLength="1" sap:aggregation-role="dimension" sap:display-format="NonNegative" sap:label="Quarter" sap:quickinfo="Calendar Quarter"/>
<Property Name="CalendarMonth" Type="Edm.String" MaxLength="2" sap:aggregation-role="dimension" sap:display-format="NonNegative" sap:label="Month" sap:quickinfo="Calendar Month"/>
<Property Name="CalendarYQ" Type="Edm.String" MaxLength="9" sap:aggregation-role="dimension" sap:label="Year/Quarter"/>
<Property Name="BookingNumber" Type="Edm.String" MaxLength="35" sap:aggregation-role="dimension" sap:display-format="UpperCase" sap:label="Booking Number" sap:quickinfo="Partner Booking Reference"/>
<Property Name="ContainerID" Type="Edm.String" MaxLength="40" sap:aggregation-role="dimension" sap:label="Container ID" sap:quickinfo="Container"/>
<Property Name="Status" Type="Edm.String" MaxLength="9" sap:aggregation-role="dimension" sap:label="Cargo Status"/>
<Property Name="CargoGroup" Type="Edm.String" MaxLength="9" sap:aggregation-role="dimension"/>
<Property Name="SortOrder" Type="Edm.Byte" sap:aggregation-role="dimension"/>
<Property Name="CutReason" Type="Edm.String" MaxLength="8" sap:aggregation-role="dimension" sap:display-format="UpperCase" sap:label="Reason Code"/>
<Property Name="Reason" Type="Edm.String" MaxLength="80" sap:aggregation-role="dimension" sap:label="Cut Reason" sap:quickinfo="Reason Code Description"/>
<Property Name="ResponsibleParty" Type="Edm.String" MaxLength="7" sap:aggregation-role="dimension" sap:label="Cut Responsible Party"/>
<Property Name="Criticality" Type="Edm.Byte" sap:aggregation-role="dimension"/>
<Property Name="BreakBulkFlag" Type="Edm.Boolean" sap:aggregation-role="dimension" sap:display-format="UpperCase" sap:label="Break Bulk"/>
<Property Name="DGFlag" Type="Edm.Boolean" sap:aggregation-role="dimension" sap:display-format="UpperCase" sap:label="Dangerous Goods"/>
<Property Name="OutofGaugeFlag" Type="Edm.Boolean" sap:aggregation-role="dimension" sap:display-format="UpperCase" sap:label="Out of Gauge Cargo" sap:quickinfo="Out of Gauge"/>
<Property Name="ReeferFlag" Type="Edm.Boolean" sap:aggregation-role="dimension" sap:display-format="UpperCase" sap:label="Reefer Cargo" sap:quickinfo="Reefer"/>
<Property Name="NumberofContainers" Type="Edm.Decimal" Precision="10" Scale="2" sap:aggregation-role="measure" sap:label="Total Containers" sap:filterable="false"/>
</EntityType>
<EntityType Name="C_CSLPortCallArrivalsType" sap:label="Upcoming Port Calls" sap:content-version="1">
<Key>
<PropertyRef Name="PortCallKey"/>
</Key>
<Property Name="PortCallKey" Type="Edm.Guid" Nullable="false" sap:label="NodeID" sap:heading=""/>
<Property Name="PortCallID" Type="Edm.String" MaxLength="10" sap:display-format="UpperCase" sap:label="Port Call" sap:quickinfo="Port Call ID"/>
<Property Name="PortCall" Type="Edm.String" MaxLength="10" sap:label="Port Call" sap:value-list="standard"/>
<Property Name="ArrivalDate" Type="Edm.DateTime" Precision="0" sap:display-format="Date" sap:filter-restriction="interval" sap:label="Arrival Date"/>
<Property Name="CalendarYear" Type="Edm.String" MaxLength="4" sap:display-format="NonNegative" sap:label="Year" sap:quickinfo="Calendar Year"/>
<Property Name="CalendarQuarter" Type="Edm.String" MaxLength="1" sap:display-format="NonNegative" sap:label="Quarter" sap:quickinfo="Calendar Quarter" sap:value-list="standard"/>
<Property Name="CalendarMonth" Type="Edm.String" MaxLength="2" sap:display-format="NonNegative" sap:label="Month" sap:quickinfo="Calendar Month"/>
<Property Name="DepartureDate" Type="Edm.DateTime" Precision="0" sap:display-format="Date" sap:filter-restriction="interval" sap:label="Departure Date"/>
<Property Name="PortName" Type="Edm.String" MaxLength="40" sap:label="Port" sap:quickinfo="Location Description" sap:value-list="standard"/>
<Property Name="TerminalName" Type="Edm.String" MaxLength="40" sap:label="Terminal" sap:quickinfo="Location Description" sap:value-list="standard"/>
<Property Name="PortID" Type="Edm.String" MaxLength="20" sap:label="Location"/>
<Property Name="TerminalID" Type="Edm.String" MaxLength="20" sap:label="Location"/>
<Property Name="Vessel" Type="Edm.String" MaxLength="35" sap:display-format="UpperCase" sap:label="Vessel" sap:value-list="standard"/>
<Property Name="VoyageID" Type="Edm.String" MaxLength="10" sap:label="External Voyage ID" sap:quickinfo="Voyage / Train Number" sap:value-list="standard"/>
<Property Name="VesselOperator" Type="Edm.String" MaxLength="10" sap:display-format="UpperCase" sap:label="Vessel Operator" sap:value-list="standard"/>
<Property Name="IMONumber" Type="Edm.String" MaxLength="40" sap:display-format="UpperCase" sap:label="IMO Number" sap:quickinfo="Resource Name"/>
</EntityType>
<EntityType Name="C_CSLPortCallCarrierCargoType" sap:label="Port Call Carrier Cargo Details" sap:content-version="1">
<Key>
<PropertyRef Name="PortCallKey"/>
</Key>
<Property Name="PortCallKey" Type="Edm.Guid" Nullable="false" sap:label="NodeID" sap:heading=""/>
<Property Name="PortCallID" Type="Edm.String" MaxLength="10" sap:display-format="UpperCase" sap:label="Port Call ID"/>
<Property Name="PortCall" Type="Edm.String" MaxLength="10" sap:label="Port Call" sap:value-list="standard"/>
<Property Name="PortName" Type="Edm.String" MaxLength="40" sap:label="Port Name" sap:quickinfo="Location Description" sap:value-list="standard"/>
<Property Name="PortID" Type="Edm.String" MaxLength="20" sap:label="Location"/>
<Property Name="TerminalName" Type="Edm.String" MaxLength="40" sap:label="Terminal Name" sap:quickinfo="Location Description" sap:value-list="standard"/>
<Property Name="TerminalID" Type="Edm.String" MaxLength="20" sap:label="Location"/>
<Property Name="Vessel" Type="Edm.String" MaxLength="35" sap:display-format="UpperCase" sap:label="Vessel" sap:value-list="standard"/>
<Property Name="VoyageID" Type="Edm.String" MaxLength="10" sap:label="Voyage" sap:quickinfo="Voyage / Train Number" sap:value-list="standard"/>
<Property Name="VesselOperator" Type="Edm.String" MaxLength="81" sap:label="Vessel Operator" sap:value-list="standard"/>
<Property Name="ScheduleUUID" Type="Edm.Guid" sap:label="Schedule Root Unique ID"/>
<Property Name="IMONumber" Type="Edm.String" MaxLength="40" sap:display-format="UpperCase" sap:label="IMO Number" sap:quickinfo="Resource Name"/>
<Property Name="VesselOperatorID" Type="Edm.String" MaxLength="10" sap:display-format="UpperCase" sap:label="Vessel Operator"/>
<Property Name="LineID" Type="Edm.String" MaxLength="40" sap:display-format="UpperCase" sap:label="Line ID" sap:quickinfo="Loop" sap:value-list="standard"/>
<Property Name="ArrivalDate" Type="Edm.DateTime" Precision="0" sap:display-format="Date" sap:filter-restriction="interval" sap:label="Arrival Date"/>
<Property Name="CalendarYear" Type="Edm.String" MaxLength="4" sap:display-format="NonNegative" sap:label="Calendar Year"/>
<Property Name="CalendarQuarter" Type="Edm.String" MaxLength="1" sap:display-format="NonNegative" sap:label="Calendar Quarter" sap:value-list="standard"/>
<Property Name="CalendarMonth" Type="Edm.String" MaxLength="2" sap:display-format="NonNegative" sap:label="Calendar Month"/>
<Property Name="CalendarYQ" Type="Edm.String" MaxLength="9" sap:label="Year / Quarter"/>
<Property Name="BookingNumber" Type="Edm.String" MaxLength="20" sap:display-format="UpperCase" sap:label="Booking Number" sap:quickinfo="ID of Forwarding Order, Quotation, or Transportation Request" sap:value-list="standard"/>
<Property Name="ContainerID" Type="Edm.String" MaxLength="40" sap:label="Container ID" sap:quickinfo="Container" sap:value-list="standard"/>
<Property Name="Customer" Type="Edm.String" MaxLength="10" sap:display-format="UpperCase" sap:label="Customer"/>
<Property Name="Status" Type="Edm.String" MaxLength="9" sap:label="Cargo Status" sap:value-list="standard"/>
<Property Name="CargoGroup" Type="Edm.String" MaxLength="9"/>
<Property Name="SortOrder" Type="Edm.Byte"/>
<Property Name="CutReason" Type="Edm.String" MaxLength="8" sap:display-format="UpperCase" sap:label="Reason Code"/>
<Property Name="Reason" Type="Edm.String" MaxLength="80" sap:label="Cut Reason" sap:quickinfo="Reason Code Description" sap:value-list="standard"/>
<Property Name="ResponsibleParty" Type="Edm.String" MaxLength="8" sap:label="Responsible Party" sap:value-list="standard"/>
<Property Name="Criticality" Type="Edm.Byte"/>
<Property Name="CargoType" Type="Edm.String" MaxLength="15" sap:label="Cargo Type" sap:value-list="standard"/>
<Property Name="CargoReadiness" Type="Edm.String" MaxLength="9" sap:label="Cargo Readiness Status" sap:value-list="standard"/>
<Property Name="DocReadinessCriticality" Type="Edm.Byte"/>
<Property Name="NumberofContainers" Type="Edm.Decimal" Precision="10" Scale="2" sap:label="Total Containers(TEU)"/>
<Property Name="CustomerName" Type="Edm.String" MaxLength="81" sap:label="Customer" sap:value-list="standard"/>
</EntityType>
<EntityType Name="C_CSLPortCallPartnerCargoType" sap:label="Port Call Partner Cargo Details" sap:content-version="1">
<Key>
<PropertyRef Name="PortCallKey"/>
<PropertyRef Name="ContainerID"/>
</Key>
<Property Name="PortCallKey" Type="Edm.Guid" Nullable="false" sap:label="NodeID" sap:heading=""/>
<Property Name="ContainerID" Type="Edm.String" Nullable="false" MaxLength="40" sap:label="Container ID" sap:quickinfo="Container"/>
<Property Name="BookingNumber" Type="Edm.String" MaxLength="35" sap:display-format="UpperCase" sap:label="Booking Number" sap:quickinfo="Partner Booking Reference"/>
<Property Name="PortCallID" Type="Edm.String" MaxLength="10" sap:display-format="UpperCase" sap:label="Port Call ID"/>
<Property Name="PortCall" Type="Edm.String" MaxLength="10" sap:label="Port Call" sap:value-list="standard"/>
<Property Name="PortName" Type="Edm.String" MaxLength="40" sap:label="Port Name" sap:quickinfo="Location Description" sap:value-list="standard"/>
<Property Name="PortID" Type="Edm.String" MaxLength="20" sap:label="Location"/>
<Property Name="TerminalName" Type="Edm.String" MaxLength="40" sap:label="Terminal Name" sap:quickinfo="Location Description" sap:value-list="standard"/>
<Property Name="TerminalID" Type="Edm.String" MaxLength="20" sap:label="Location"/>
<Property Name="Vessel" Type="Edm.String" MaxLength="35" sap:display-format="UpperCase" sap:label="Vessel" sap:value-list="standard"/>
<Property Name="VoyageID" Type="Edm.String" MaxLength="10" sap:label="Voyage" sap:quickinfo="Voyage / Train Number" sap:value-list="standard"/>
<Property Name="LineID" Type="Edm.String" MaxLength="40" sap:display-format="UpperCase" sap:label="Line ID" sap:quickinfo="Loop" sap:value-list="standard"/>
<Property Name="VesselOperator" Type="Edm.String" MaxLength="81" sap:label="Vessel Operator" sap:value-list="standard"/>
<Property Name="PartnerName" Type="Edm.String" MaxLength="81" sap:label="Partner Name"/>
<Property Name="ScheduleUUID" Type="Edm.Guid" sap:label="Schedule Root Unique ID"/>
<Property Name="VesselOperatorID" Type="Edm.String" MaxLength="10" sap:display-format="UpperCase" sap:label="Vessel Operator"/>
<Property Name="ArrivalDate" Type="Edm.DateTime" Precision="0" sap:display-format="Date" sap:filter-restriction="interval" sap:label="Arrival Date"/>
<Property Name="CalendarYear" Type="Edm.String" MaxLength="4" sap:display-format="NonNegative" sap:label="Calendar Year"/>
<Property Name="CalendarQuarter" Type="Edm.String" MaxLength="1" sap:display-format="NonNegative" sap:label="Calendar Quarter" sap:value-list="standard"/>
<Property Name="CalendarMonth" Type="Edm.String" MaxLength="2" sap:display-format="NonNegative" sap:label="Calendar Month"/>
<Property Name="CalendarYQ" Type="Edm.String" MaxLength="9" sap:label="Year / Quarter"/>
<Property Name="Status" Type="Edm.String" MaxLength="9" sap:label="Cargo Status" sap:value-list="standard"/>
<Property Name="CargoGroup" Type="Edm.String" MaxLength="9"/>
<Property Name="SortOrder" Type="Edm.Byte"/>
<Property Name="CutReason" Type="Edm.String" MaxLength="8" sap:display-format="UpperCase" sap:label="Reason Code"/>
<Property Name="Reason" Type="Edm.String" MaxLength="80" sap:label="Cut Reason" sap:quickinfo="Reason Code Description" sap:value-list="standard"/>
<Property Name="ResponsibleParty" Type="Edm.String" MaxLength="7" sap:label="Responsible Party" sap:value-list="standard"/>
<Property Name="Criticality" Type="Edm.Byte"/>
<Property Name="CargoType" Type="Edm.String" MaxLength="15" sap:label="Cargo Type" sap:value-list="standard"/>
<Property Name="NumberofContainers" Type="Edm.Decimal" Precision="10" Scale="2" sap:label="Total Containers(TEU)"/>
</EntityType>
<EntityType Name="I_CSLPortCallReasonVHType" sap:label="CSL: Port Call Reasons Value Help" sap:value-list="true" sap:content-version="1">
<Key>
<PropertyRef Name="ReasonCode"/>
</Key>
<Property Name="ReasonCode" Type="Edm.String" Nullable="false" MaxLength="8" sap:display-format="UpperCase" sap:label="Reason Code"/>
<Property Name="ReasonDescription" Type="Edm.String" MaxLength="80" sap:label="Reason Code Desc." sap:quickinfo="Reason Code Description"/>
</EntityType>
<EntityType Name="I_CSL_CalendarQuarterVHType" sap:label="CSL - Calender Quarters" sap:value-list="true" sap:content-version="1">
<Key>
<PropertyRef Name="CalendarQuarter"/>
</Key>
<Property Name="CalendarQuarter" Type="Edm.String" Nullable="false" MaxLength="1" sap:display-format="NonNegative" sap:label="Quarter" sap:quickinfo="Calendar Quarter"/>
</EntityType>
<EntityType Name="I_CSL_CargoStatusVHType" sap:label="CSL - Port Call Cargo Status" sap:value-list="true" sap:content-version="1">
<Key>
<PropertyRef Name="Status"/>
</Key>
<Property Name="Status" Type="Edm.String" Nullable="false" MaxLength="9" sap:label="Cargo Status"/>
</EntityType>
<EntityType Name="I_CSL_CargoTypeVHType" sap:label="CSL - Port Call Cargo Type" sap:value-list="true" sap:content-version="1">
<Key>
<PropertyRef Name="CargoType"/>
</Key>
<Property Name="CargoType" Type="Edm.String" Nullable="false" MaxLength="15" sap:label="Cargo Type"/>
</EntityType>
<EntityType Name="I_CSL_CarrierOrgVHType" sap:label="CSL - Line Maintenance/Carrier Relation" sap:value-list="true" sap:content-version="1">
<Key>
<PropertyRef Name="CSLLineMaintenance"/>
</Key>
<Property Name="CSLLineMaintenance" Type="Edm.String" Nullable="false" MaxLength="40" sap:display-format="UpperCase" sap:label="Line ID" sap:quickinfo="Unique Line ID"/>
<Property Name="CSLLineMaintCarrier" Type="Edm.String" MaxLength="8" sap:display-format="NonNegative" sap:label="Carrier"/>
<Property Name="Carrier" Type="Edm.String" MaxLength="10" sap:display-format="UpperCase" sap:label="Carrier ID" sap:quickinfo="Business Partner Number"/>
<Property Name="BusinessPartnerFullName" Type="Edm.String" MaxLength="81" sap:label="Carrier Name"/>
</EntityType>
<EntityType Name="I_CSL_ExecutableVoyageVHType" sap:label="CSL - Port Call Voyages" sap:value-list="true" sap:content-version="1">
<Key>
<PropertyRef Name="CSLScheduleVoyageID"/>
</Key>
<Property Name="CSLScheduleVoyageID" Type="Edm.String" Nullable="false" MaxLength="10" sap:label="Voyage ID" sap:quickinfo="Voyage / Train Number"/>
<Property Name="CSLVesselOperatorCarrierCode" Type="Edm.String" MaxLength="10" sap:display-format="UpperCase" sap:label="Vessel Operator ID" sap:quickinfo="Vessel Operator"/>
<Property Name="VesselOperatorName" Type="Edm.String" MaxLength="81" sap:label="Vessel Operator Name"/>
</EntityType>
<EntityType Name="I_CSL_PartnerCargoRespPartyVHType" sap:label="CSL - Partner Cargo Responsible" sap:value-list="true" sap:content-version="1">
<Key>
<PropertyRef Name="ResponsibleParty"/>
</Key>
<Property Name="ResponsibleParty" Type="Edm.String" Nullable="false" MaxLength="7" sap:label="Responsible Party"/>
</EntityType>
<EntityType Name="I_CSL_PartnerCargoStatusVHType" sap:label="CSL - Port Call Partner Cargo Status" sap:value-list="true" sap:content-version="1">
<Key>
<PropertyRef Name="Status"/>
</Key>
<Property Name="Status" Type="Edm.String" Nullable="false" MaxLength="9" sap:label="Cargo Status"/>
</EntityType>
<EntityType Name="I_CSL_PortCallBookingsVHType" sap:label="CSL: Port Call Bookings" sap:value-list="true" sap:content-version="1">
<Key>
<PropertyRef Name="BookingNumber"/>
</Key>
<Property Name="BookingNumber" Type="Edm.String" Nullable="false" MaxLength="20" sap:display-format="UpperCase" sap:label="Booking ID" sap:quickinfo="ID of Forwarding Order, Quotation, or Transportation Request"/>
</EntityType>
<EntityType Name="I_CSL_PortCallCargoReadinessVHType" sap:label="CSL - Port Call Cargo Readiness" sap:value-list="true" sap:content-version="1">
<Key>
<PropertyRef Name="CargoReadiness"/>
</Key>
<Property Name="CargoReadiness" Type="Edm.String" Nullable="false" MaxLength="9" sap:label="Cargo Readiness Status"/>
</EntityType>
<EntityType Name="I_CSL_PortCallContainerVHType" sap:label="CSL: Port Call Container ID" sap:value-list="true" sap:content-version="1">
<Key>
<PropertyRef Name="ContainerID"/>
</Key>
<Property Name="ContainerID" Type="Edm.String" Nullable="false" MaxLength="40" sap:label="Container"/>
</EntityType>
<EntityType Name="I_CSL_PortCallCustomerVHType" sap:label="CSL - Port Call Carrier Customer" sap:value-list="true" sap:content-version="1">
<Key>
<PropertyRef Name="Customer"/>
</Key>
<Property Name="Customer" Type="Edm.String" Nullable="false" MaxLength="10" sap:display-format="UpperCase" sap:label="Customer ID" sap:quickinfo="Customer"/>
<Property Name="CustomerName" Type="Edm.String" MaxLength="81" sap:label="Customer Name"/>
</EntityType>
<EntityType Name="I_CSL_PortCallVesselInfoVHType" sap:label="CSL - Port Call Vessel Information" sap:value-list="true" sap:content-version="1">
<Key>
<PropertyRef Name="Vessel"/>
</Key>
<Property Name="Vessel" Type="Edm.String" Nullable="false" MaxLength="35" sap:display-format="UpperCase" sap:text="CSLScheduleVesselName" sap:label="Vessel ID" sap:quickinfo="Vessel"/>
<Property Name="IMONumber" Type="Edm.String" MaxLength="40" sap:display-format="UpperCase" sap:label="IMO Number" sap:quickinfo="Resource Name"/>
<Property Name="CSLScheduleVesselName" Type="Edm.String" MaxLength="40" sap:display-format="UpperCase" sap:label="Vessel Name"/>
</EntityType>
<EntityType Name="I_CSL_PortLocationsVHType" sap:label="CSL: Port Locations" sap:value-list="true" sap:content-version="1">
<Key>
<PropertyRef Name="PortID"/>
</Key>
<Property Name="PortID" Type="Edm.String" Nullable="false" MaxLength="20" sap:display-format="UpperCase" sap:label="Port ID" sap:quickinfo="Location"/>
<Property Name="PortName" Type="Edm.String" MaxLength="40" sap:label="Port Name" sap:quickinfo="Location Description"/>
</EntityType>
<EntityType Name="I_CSL_ResponsiblePartyVHType" sap:label="CSL - Port Call Cut Responsible Party" sap:value-list="true" sap:content-version="1">
<Key>
<PropertyRef Name="ResponsibleParty"/>
</Key>
<Property Name="ResponsibleParty" Type="Edm.String" Nullable="false" MaxLength="8" sap:label="Responsible Party"/>
</EntityType>
<EntityType Name="I_CSL_TerminalLocationsVHType" sap:label="CSL: Terminal Locations" sap:value-list="true" sap:content-version="1">
<Key>
<PropertyRef Name="TerminalID"/>
</Key>
<Property Name="TerminalID" Type="Edm.String" Nullable="false" MaxLength="20" sap:display-format="UpperCase" sap:label="Terminal ID" sap:quickinfo="Location"/>
<Property Name="TerminalName" Type="Edm.String" MaxLength="40" sap:label="Terminal Name" sap:quickinfo="Location Description"/>
</EntityType>
<EntityType Name="I_CSL_TranspOrdPortCallsVHType" sap:label="CSL: Port Call related Value Helps" sap:value-list="true" sap:content-version="1">
<Key>
<PropertyRef Name="PortCallID"/>
</Key>
<Property Name="PortCallID" Type="Edm.String" Nullable="false" MaxLength="10" sap:display-format="UpperCase" sap:label="Port Call Internal ID" sap:quickinfo="Port Call ID"/>
<Property Name="PortCall" Type="Edm.String" MaxLength="10" sap:label="Port Call ID"/>
<Property Name="VoyageID" Type="Edm.String" MaxLength="10" sap:label="Voyage" sap:quickinfo="Voyage / Train Number"/>
</EntityType>
<EntityType Name="I_CSL_Vessel_OperatorVHType" sap:label="Vessel Operator" sap:value-list="true" sap:content-version="1">
<Key>
<PropertyRef Name="VesselOperatorID"/>
</Key>
<Property Name="VesselOperatorID" Type="Edm.String" Nullable="false" MaxLength="10" sap:display-format="UpperCase" sap:label="Vessel Operator ID" sap:quickinfo="Vessel Operator"/>
<Property Name="VesselOperatorName" Type="Edm.String" MaxLength="81" sap:label="Vessel Operator Name"/>
</EntityType>
<EntityType Name="SAP__Currency" sap:content-version="1">
<Key>
<PropertyRef Name="CurrencyCode"/>
</Key>
<Property Name="CurrencyCode" Type="Edm.String" Nullable="false" MaxLength="5" sap:label="Currency" sap:semantics="currency-code"/>
<Property Name="ISOCode" Type="Edm.String" Nullable="false" MaxLength="3" sap:label="ISO code"/>
<Property Name="Text" Type="Edm.String" Nullable="false" MaxLength="15" sap:label="Short text"/>
<Property Name="DecimalPlaces" Type="Edm.Byte" Nullable="false" sap:label="Decimals"/>
</EntityType>
<EntityType Name="SAP__UnitOfMeasure" sap:content-version="1">
<Key>
<PropertyRef Name="UnitCode"/>
</Key>
<Property Name="UnitCode" Type="Edm.String" Nullable="false" MaxLength="3" sap:label="Internal UoM" sap:semantics="unit-of-measure"/>
<Property Name="ISOCode" Type="Edm.String" Nullable="false" MaxLength="3" sap:label="ISO code"/>
<Property Name="ExternalCode" Type="Edm.String" Nullable="false" MaxLength="3" sap:label="Commercial"/>
<Property Name="Text" Type="Edm.String" Nullable="false" MaxLength="30" sap:label="UoM Text"/>
<Property Name="DecimalPlaces" Type="Edm.Int16" sap:label="Decimal Places"/>
</EntityType>
<EntityContainer Name="cds_ui_portcallanalysis_Entities" m:IsDefaultEntityContainer="true" sap:message-scope-supported="true" sap:supported-formats="atom json xlsx">
<EntitySet Name="C_CSLMEASURECARRIERCARGO" EntityType="cds_ui_portcallanalysis.C_CSLMEASURECARRIERCARGOType" sap:creatable="false" sap:updatable="false" sap:deletable="false" sap:searchable="true" sap:content-version="1"/>
<EntitySet Name="C_CSLMeasurePartnerCargo" EntityType="cds_ui_portcallanalysis.C_CSLMeasurePartnerCargoType" sap:creatable="false" sap:updatable="false" sap:deletable="false" sap:searchable="true" sap:content-version="1"/>
<EntitySet Name="C_CSLPortCallArrivals" EntityType="cds_ui_portcallanalysis.C_CSLPortCallArrivalsType" sap:creatable="false" sap:updatable="false" sap:deletable="false" sap:searchable="true" sap:content-version="1"/>
<EntitySet Name="C_CSLPortCallCarrierCargo" EntityType="cds_ui_portcallanalysis.C_CSLPortCallCarrierCargoType" sap:creatable="false" sap:updatable="false" sap:deletable="false" sap:searchable="true" sap:content-version="1"/>
<EntitySet Name="C_CSLPortCallPartnerCargo" EntityType="cds_ui_portcallanalysis.C_CSLPortCallPartnerCargoType" sap:creatable="false" sap:updatable="false" sap:deletable="false" sap:searchable="true" sap:content-version="1"/>
<EntitySet Name="I_CSLPortCallReasonVH" EntityType="cds_ui_portcallanalysis.I_CSLPortCallReasonVHType" sap:creatable="false" sap:updatable="false" sap:deletable="false" sap:searchable="true" sap:content-version="1"/>
<EntitySet Name="I_CSL_CalendarQuarterVH" EntityType="cds_ui_portcallanalysis.I_CSL_CalendarQuarterVHType" sap:creatable="false" sap:updatable="false" sap:deletable="false" sap:content-version="1"/>
<EntitySet Name="I_CSL_CargoStatusVH" EntityType="cds_ui_portcallanalysis.I_CSL_CargoStatusVHType" sap:creatable="false" sap:updatable="false" sap:deletable="false" sap:content-version="1"/>
<EntitySet Name="I_CSL_CargoTypeVH" EntityType="cds_ui_portcallanalysis.I_CSL_CargoTypeVHType" sap:creatable="false" sap:updatable="false" sap:deletable="false" sap:content-version="1"/>
<EntitySet Name="I_CSL_CarrierOrgVH" EntityType="cds_ui_portcallanalysis.I_CSL_CarrierOrgVHType" sap:creatable="false" sap:updatable="false" sap:deletable="false" sap:searchable="true" sap:content-version="1"/>
<EntitySet Name="I_CSL_ExecutableVoyageVH" EntityType="cds_ui_portcallanalysis.I_CSL_ExecutableVoyageVHType" sap:creatable="false" sap:updatable="false" sap:deletable="false" sap:content-version="1"/>
<EntitySet Name="I_CSL_PartnerCargoRespPartyVH" EntityType="cds_ui_portcallanalysis.I_CSL_PartnerCargoRespPartyVHType" sap:creatable="false" sap:updatable="false" sap:deletable="false" sap:content-version="1"/>
<EntitySet Name="I_CSL_PartnerCargoStatusVH" EntityType="cds_ui_portcallanalysis.I_CSL_PartnerCargoStatusVHType" sap:creatable="false" sap:updatable="false" sap:deletable="false" sap:content-version="1"/>
<EntitySet Name="I_CSL_PortCallBookingsVH" EntityType="cds_ui_portcallanalysis.I_CSL_PortCallBookingsVHType" sap:creatable="false" sap:updatable="false" sap:deletable="false" sap:searchable="true" sap:content-version="1"/>
<EntitySet Name="I_CSL_PortCallCargoReadinessVH" EntityType="cds_ui_portcallanalysis.I_CSL_PortCallCargoReadinessVHType" sap:creatable="false" sap:updatable="false" sap:deletable="false" sap:content-version="1"/>
<EntitySet Name="I_CSL_PortCallContainerVH" EntityType="cds_ui_portcallanalysis.I_CSL_PortCallContainerVHType" sap:creatable="false" sap:updatable="false" sap:deletable="false" sap:searchable="true" sap:content-version="1"/>
<EntitySet Name="I_CSL_PortCallCustomerVH" EntityType="cds_ui_portcallanalysis.I_CSL_PortCallCustomerVHType" sap:creatable="false" sap:updatable="false" sap:deletable="false" sap:content-version="1"/>
<EntitySet Name="I_CSL_PortCallVesselInfoVH" EntityType="cds_ui_portcallanalysis.I_CSL_PortCallVesselInfoVHType" sap:creatable="false" sap:updatable="false" sap:deletable="false" sap:searchable="true" sap:content-version="1"/>
<EntitySet Name="I_CSL_PortLocationsVH" EntityType="cds_ui_portcallanalysis.I_CSL_PortLocationsVHType" sap:creatable="false" sap:updatable="false" sap:deletable="false" sap:searchable="true" sap:content-version="1"/>
<EntitySet Name="I_CSL_ResponsiblePartyVH" EntityType="cds_ui_portcallanalysis.I_CSL_ResponsiblePartyVHType" sap:creatable="false" sap:updatable="false" sap:deletable="false" sap:content-version="1"/>
<EntitySet Name="I_CSL_TerminalLocationsVH" EntityType="cds_ui_portcallanalysis.I_CSL_TerminalLocationsVHType" sap:creatable="false" sap:updatable="false" sap:deletable="false" sap:searchable="true" sap:content-version="1"/>
<EntitySet Name="I_CSL_TranspOrdPortCallsVH" EntityType="cds_ui_portcallanalysis.I_CSL_TranspOrdPortCallsVHType" sap:creatable="false" sap:updatable="false" sap:deletable="false" sap:searchable="true" sap:content-version="1"/>
<EntitySet Name="I_CSL_Vessel_OperatorVH" EntityType="cds_ui_portcallanalysis.I_CSL_Vessel_OperatorVHType" sap:creatable="false" sap:updatable="false" sap:deletable="false" sap:searchable="true" sap:content-version="1"/>
<EntitySet Name="SAP__Currencies" EntityType="cds_ui_portcallanalysis.SAP__Currency" sap:content-version="1"/>
<EntitySet Name="SAP__UnitsOfMeasure" EntityType="cds_ui_portcallanalysis.SAP__UnitOfMeasure" sap:content-version="1"/>
</EntityContainer>
<Annotations xmlns="http://docs.oasis-open.org/odata/ns/edm" Target="cds_ui_portcallanalysis.C_CSLPortCallArrivalsType/PortCall">
<Annotation Term="Common.ValueList">
<Record>
<PropertyValue Property="Label" String="Port Call"/>
<PropertyValue Property="CollectionPath" String="I_CSL_TranspOrdPortCallsVH"/>
<PropertyValue Property="SearchSupported" Bool="true"/>
<PropertyValue Property="Parameters">
<Collection>
<Record Type="Common.ValueListParameterDisplayOnly">
<PropertyValue Property="ValueListProperty" String="PortCallID"/>
</Record>
<Record Type="Common.ValueListParameterInOut">
<PropertyValue Property="LocalDataProperty" PropertyPath="PortCall"/>
<PropertyValue Property="ValueListProperty" String="PortCall"/>
</Record>
</Collection>
</PropertyValue>
</Record>
</Annotation>
<Annotation Term="Common.SemanticObject" String="TMCSLPortCall"/>
</Annotations>
<Annotations xmlns="http://docs.oasis-open.org/odata/ns/edm" Target="cds_ui_portcallanalysis.C_CSLPortCallArrivalsType/CalendarQuarter">
<Annotation Term="Common.ValueList">
<Record>
<PropertyValue Property="Label" String="Quarter"/>
<PropertyValue Property="CollectionPath" String="I_CSL_CalendarQuarterVH"/>
<PropertyValue Property="SearchSupported" Bool="false"/>
<PropertyValue Property="Parameters">
<Collection>
<Record Type="Common.ValueListParameterInOut">
<PropertyValue Property="LocalDataProperty" PropertyPath="CalendarQuarter"/>
<PropertyValue Property="ValueListProperty" String="CalendarQuarter"/>
</Record>
</Collection>
</PropertyValue>
</Record>
</Annotation>
</Annotations>
<Annotations xmlns="http://docs.oasis-open.org/odata/ns/edm" Target="cds_ui_portcallanalysis.C_CSLPortCallArrivalsType/PortName">
<Annotation Term="Common.ValueList">
<Record>
<PropertyValue Property="Label" String="Port"/>
<PropertyValue Property="CollectionPath" String="I_CSL_PortLocationsVH"/>
<PropertyValue Property="SearchSupported" Bool="true"/>
<PropertyValue Property="Parameters">
<Collection>
<Record Type="Common.ValueListParameterDisplayOnly">
<PropertyValue Property="ValueListProperty" String="PortID"/>
</Record>
<Record Type="Common.ValueListParameterInOut">
<PropertyValue Property="LocalDataProperty" PropertyPath="PortName"/>
<PropertyValue Property="ValueListProperty" String="PortName"/>
</Record>
</Collection>
</PropertyValue>
</Record>
</Annotation>
</Annotations>
<Annotations xmlns="http://docs.oasis-open.org/odata/ns/edm" Target="cds_ui_portcallanalysis.C_CSLPortCallArrivalsType/TerminalName">
<Annotation Term="Common.ValueList">
<Record>
<PropertyValue Property="Label" String="Terminal"/>
<PropertyValue Property="CollectionPath" String="I_CSL_TerminalLocationsVH"/>
<PropertyValue Property="SearchSupported" Bool="true"/>
<PropertyValue Property="Parameters">
<Collection>
<Record Type="Common.ValueListParameterDisplayOnly">
<PropertyValue Property="ValueListProperty" String="TerminalID"/>
</Record>
<Record Type="Common.ValueListParameterInOut">
<PropertyValue Property="LocalDataProperty" PropertyPath="TerminalName"/>
<PropertyValue Property="ValueListProperty" String="TerminalName"/>
</Record>
</Collection>
</PropertyValue>
</Record>
</Annotation>
</Annotations>
<Annotations xmlns="http://docs.oasis-open.org/odata/ns/edm" Target="cds_ui_portcallanalysis.C_CSLPortCallArrivalsType/Vessel">
<Annotation Term="Common.ValueList">
<Record>
<PropertyValue Property="Label" String="Vessel"/>
<PropertyValue Property="CollectionPath" String="I_CSL_PortCallVesselInfoVH"/>
<PropertyValue Property="SearchSupported" Bool="true"/>
<PropertyValue Property="Parameters">
<Collection>
<Record Type="Common.ValueListParameterDisplayOnly">
<PropertyValue Property="ValueListProperty" String="Vessel"/>
</Record>
<Record Type="Common.ValueListParameterDisplayOnly">
<PropertyValue Property="ValueListProperty" String="IMONumber"/>
</Record>
<Record Type="Common.ValueListParameterInOut">
<PropertyValue Property="LocalDataProperty" PropertyPath="Vessel"/>
<PropertyValue Property="ValueListProperty" String="CSLScheduleVesselName"/>
</Record>
</Collection>
</PropertyValue>
</Record>
</Annotation>
</Annotations>
<Annotations xmlns="http://docs.oasis-open.org/odata/ns/edm" Target="cds_ui_portcallanalysis.C_CSLPortCallArrivalsType/VoyageID">
<Annotation Term="Common.ValueList">
<Record>
<PropertyValue Property="Label" String="External Voyage ID"/>
<PropertyValue Property="CollectionPath" String="I_CSL_ExecutableVoyageVH"/>
<PropertyValue Property="SearchSupported" Bool="false"/>
<PropertyValue Property="Parameters">
<Collection>
<Record Type="Common.ValueListParameterInOut">
<PropertyValue Property="LocalDataProperty" PropertyPath="VoyageID"/>
<PropertyValue Property="ValueListProperty" String="CSLScheduleVoyageID"/>
</Record>
<Record Type="Common.ValueListParameterDisplayOnly">
<PropertyValue Property="ValueListProperty" String="CSLVesselOperatorCarrierCode"/>
</Record>
<Record Type="Common.ValueListParameterDisplayOnly">
<PropertyValue Property="ValueListProperty" String="VesselOperatorName"/>
</Record>
</Collection>
</PropertyValue>
</Record>
</Annotation>
</Annotations>
<Annotations xmlns="http://docs.oasis-open.org/odata/ns/edm" Target="cds_ui_portcallanalysis.C_CSLPortCallArrivalsType/VesselOperator">
<Annotation Term="Common.ValueList">
<Record>
<PropertyValue Property="Label" String="Vessel Operator"/>
<PropertyValue Property="CollectionPath" String="I_CSL_Vessel_OperatorVH"/>
<PropertyValue Property="SearchSupported" Bool="true"/>
<PropertyValue Property="Parameters">
<Collection>
<Record Type="Common.ValueListParameterInOut">
<PropertyValue Property="LocalDataProperty" PropertyPath="VesselOperator"/>
<PropertyValue Property="ValueListProperty" String="VesselOperatorID"/>
</Record>
<Record Type="Common.ValueListParameterDisplayOnly">
<PropertyValue Property="ValueListProperty" String="VesselOperatorName"/>
</Record>
</Collection>
</PropertyValue>
</Record>
</Annotation>
</Annotations>
<Annotations xmlns="http://docs.oasis-open.org/odata/ns/edm" Target="cds_ui_portcallanalysis.C_CSLPortCallCarrierCargoType/PortCall">
<Annotation Term="Common.ValueList">
<Record>
<PropertyValue Property="Label" String="Port Call"/>
<PropertyValue Property="CollectionPath" String="I_CSL_TranspOrdPortCallsVH"/>
<PropertyValue Property="SearchSupported" Bool="true"/>
<PropertyValue Property="Parameters">
<Collection>
<Record Type="Common.ValueListParameterDisplayOnly">
<PropertyValue Property="ValueListProperty" String="PortCallID"/>
</Record>
<Record Type="Common.ValueListParameterInOut">
<PropertyValue Property="LocalDataProperty" PropertyPath="PortCall"/>
<PropertyValue Property="ValueListProperty" String="PortCall"/>
</Record>
</Collection>
</PropertyValue>
</Record>
</Annotation>
<Annotation Term="Common.SemanticObject" String="TMCSLPortCall"/>
</Annotations>
<Annotations xmlns="http://docs.oasis-open.org/odata/ns/edm" Target="cds_ui_portcallanalysis.C_CSLPortCallCarrierCargoType/PortName">
<Annotation Term="Common.ValueList">
<Record>
<PropertyValue Property="Label" String="Port Name"/>
<PropertyValue Property="CollectionPath" String="I_CSL_PortLocationsVH"/>
<PropertyValue Property="SearchSupported" Bool="true"/>
<PropertyValue Property="Parameters">
<Collection>
<Record Type="Common.ValueListParameterDisplayOnly">
<PropertyValue Property="ValueListProperty" String="PortID"/>
</Record>
<Record Type="Common.ValueListParameterInOut">
<PropertyValue Property="LocalDataProperty" PropertyPath="PortName"/>
<PropertyValue Property="ValueListProperty" String="PortName"/>
</Record>
</Collection>
</PropertyValue>
</Record>
</Annotation>
</Annotations>
<Annotations xmlns="http://docs.oasis-open.org/odata/ns/edm" Target="cds_ui_portcallanalysis.C_CSLPortCallCarrierCargoType/TerminalName">
<Annotation Term="Common.ValueList">
<Record>
<PropertyValue Property="Label" String="Terminal Name"/>
<PropertyValue Property="CollectionPath" String="I_CSL_TerminalLocationsVH"/>
<PropertyValue Property="SearchSupported" Bool="true"/>
<PropertyValue Property="Parameters">
<Collection>
<Record Type="Common.ValueListParameterDisplayOnly">
<PropertyValue Property="ValueListProperty" String="TerminalID"/>
</Record>
<Record Type="Common.ValueListParameterInOut">
<PropertyValue Property="LocalDataProperty" PropertyPath="TerminalName"/>
<PropertyValue Property="ValueListProperty" String="TerminalName"/>
</Record>
</Collection>
</PropertyValue>
</Record>
</Annotation>
</Annotations>
<Annotations xmlns="http://docs.oasis-open.org/odata/ns/edm" Target="cds_ui_portcallanalysis.C_CSLPortCallCarrierCargoType/Vessel">
<Annotation Term="Common.ValueList">
<Record>
<PropertyValue Property="Label" String="Vessel"/>
<PropertyValue Property="CollectionPath" String="I_CSL_PortCallVesselInfoVH"/>
<PropertyValue Property="SearchSupported" Bool="true"/>
<PropertyValue Property="Parameters">
<Collection>
<Record Type="Common.ValueListParameterDisplayOnly">
<PropertyValue Property="ValueListProperty" String="Vessel"/>
</Record>
<Record Type="Common.ValueListParameterDisplayOnly">
<PropertyValue Property="ValueListProperty" String="IMONumber"/>
</Record>
<Record Type="Common.ValueListParameterInOut">
<PropertyValue Property="LocalDataProperty" PropertyPath="Vessel"/>
<PropertyValue Property="ValueListProperty" String="CSLScheduleVesselName"/>
</Record>
</Collection>
</PropertyValue>
</Record>
</Annotation>
</Annotations>
<Annotations xmlns="http://docs.oasis-open.org/odata/ns/edm" Target="cds_ui_portcallanalysis.C_CSLPortCallCarrierCargoType/VoyageID">
<Annotation Term="Common.ValueList">
<Record>
<PropertyValue Property="Label" String="Voyage"/>
<PropertyValue Property="CollectionPath" String="I_CSL_ExecutableVoyageVH"/>
<PropertyValue Property="SearchSupported" Bool="false"/>
<PropertyValue Property="Parameters">
<Collection>
<Record Type="Common.ValueListParameterInOut">
<PropertyValue Property="LocalDataProperty" PropertyPath="VoyageID"/>
<PropertyValue Property="ValueListProperty" String="CSLScheduleVoyageID"/>
</Record>
<Record Type="Common.ValueListParameterDisplayOnly">
<PropertyValue Property="ValueListProperty" String="CSLVesselOperatorCarrierCode"/>
</Record>
<Record Type="Common.ValueListParameterDisplayOnly">
<PropertyValue Property="ValueListProperty" String="VesselOperatorName"/>
</Record>
</Collection>
</PropertyValue>
</Record>
</Annotation>
</Annotations>
<Annotations xmlns="http://docs.oasis-open.org/odata/ns/edm" Target="cds_ui_portcallanalysis.C_CSLPortCallCarrierCargoType/VesselOperator">
<Annotation Term="Common.ValueList">
<Record>
<PropertyValue Property="Label" String="Vessel Operator"/>
<PropertyValue Property="CollectionPath" String="I_CSL_Vessel_OperatorVH"/>
<PropertyValue Property="SearchSupported" Bool="true"/>
<PropertyValue Property="Parameters">
<Collection>
<Record Type="Common.ValueListParameterDisplayOnly">
<PropertyValue Property="ValueListProperty" String="VesselOperatorID"/>
</Record>
<Record Type="Common.ValueListParameterInOut">
<PropertyValue Property="LocalDataProperty" PropertyPath="VesselOperator"/>
<PropertyValue Property="ValueListProperty" String="VesselOperatorName"/>
</Record>
</Collection>
</PropertyValue>
</Record>
</Annotation>
</Annotations>
<Annotations xmlns="http://docs.oasis-open.org/odata/ns/edm" Target="cds_ui_portcallanalysis.C_CSLPortCallCarrierCargoType/LineID">
<Annotation Term="Common.ValueList">
<Record>
<PropertyValue Property="Label" String="Line ID"/>
<PropertyValue Property="CollectionPath" String="I_CSL_CarrierOrgVH"/>
<PropertyValue Property="SearchSupported" Bool="true"/>
<PropertyValue Property="Parameters">
<Collection>
<Record Type="Common.ValueListParameterInOut">
<PropertyValue Property="LocalDataProperty" PropertyPath="LineID"/>
<PropertyValue Property="ValueListProperty" String="CSLLineMaintenance"/>
</Record>
<Record Type="Common.ValueListParameterDisplayOnly">
<PropertyValue Property="ValueListProperty" String="Carrier"/>
</Record>
<Record Type="Common.ValueListParameterDisplayOnly">
<PropertyValue Property="ValueListProperty" String="BusinessPartnerFullName"/>
</Record>
</Collection>
</PropertyValue>
</Record>
</Annotation>
</Annotations>
<Annotations xmlns="http://docs.oasis-open.org/odata/ns/edm" Target="cds_ui_portcallanalysis.C_CSLPortCallCarrierCargoType/CalendarQuarter">
<Annotation Term="Common.ValueList">
<Record>
<PropertyValue Property="Label" String="Calendar Quarter"/>
<PropertyValue Property="CollectionPath" String="I_CSL_CalendarQuarterVH"/>
<PropertyValue Property="SearchSupported" Bool="false"/>
<PropertyValue Property="Parameters">
<Collection>
<Record Type="Common.ValueListParameterInOut">
<PropertyValue Property="LocalDataProperty" PropertyPath="CalendarQuarter"/>
<PropertyValue Property="ValueListProperty" String="CalendarQuarter"/>
</Record>
</Collection>
</PropertyValue>
</Record>
</Annotation>
</Annotations>
<Annotations xmlns="http://docs.oasis-open.org/odata/ns/edm" Target="cds_ui_portcallanalysis.C_CSLPortCallCarrierCargoType/BookingNumber">
<Annotation Term="Common.ValueList">
<Record>
<PropertyValue Property="Label" String="Booking Number"/>
<PropertyValue Property="CollectionPath" String="I_CSL_PortCallBookingsVH"/>
<PropertyValue Property="SearchSupported" Bool="true"/>
<PropertyValue Property="Parameters">
<Collection>
<Record Type="Common.ValueListParameterInOut">
<PropertyValue Property="LocalDataProperty" PropertyPath="BookingNumber"/>
<PropertyValue Property="ValueListProperty" String="BookingNumber"/>
</Record>
</Collection>
</PropertyValue>
</Record>
</Annotation>
</Annotations>
<Annotations xmlns="http://docs.oasis-open.org/odata/ns/edm" Target="cds_ui_portcallanalysis.C_CSLPortCallCarrierCargoType/ContainerID">
<Annotation Term="Common.ValueList">
<Record>
<PropertyValue Property="Label" String="Container ID"/>
<PropertyValue Property="CollectionPath" String="I_CSL_PortCallContainerVH"/>
<PropertyValue Property="SearchSupported" Bool="true"/>
<PropertyValue Property="Parameters">
<Collection>
<Record Type="Common.ValueListParameterInOut">
<PropertyValue Property="LocalDataProperty" PropertyPath="ContainerID"/>
<PropertyValue Property="ValueListProperty" String="ContainerID"/>
</Record>
</Collection>
</PropertyValue>
</Record>
</Annotation>
</Annotations>
<Annotations xmlns="http://docs.oasis-open.org/odata/ns/edm" Target="cds_ui_portcallanalysis.C_CSLPortCallCarrierCargoType/Status">
<Annotation Term="Common.ValueList">
<Record>
<PropertyValue Property="Label" String="Cargo Status"/>
<PropertyValue Property="CollectionPath" String="I_CSL_CargoStatusVH"/>
<PropertyValue Property="SearchSupported" Bool="false"/>
<PropertyValue Property="Parameters">
<Collection>
<Record Type="Common.ValueListParameterInOut">
<PropertyValue Property="LocalDataProperty" PropertyPath="Status"/>
<PropertyValue Property="ValueListProperty" String="Status"/>
</Record>
</Collection>
</PropertyValue>
</Record>
</Annotation>
</Annotations>
<Annotations xmlns="http://docs.oasis-open.org/odata/ns/edm" Target="cds_ui_portcallanalysis.C_CSLPortCallCarrierCargoType/Reason">
<Annotation Term="Common.ValueList">
<Record>
<PropertyValue Property="Label" String="Cut Reason"/>
<PropertyValue Property="CollectionPath" String="I_CSLPortCallReasonVH"/>
<PropertyValue Property="SearchSupported" Bool="true"/>
<PropertyValue Property="Parameters">
<Collection>
<Record Type="Common.ValueListParameterDisplayOnly">
<PropertyValue Property="ValueListProperty" String="ReasonCode"/>
</Record>
<Record Type="Common.ValueListParameterInOut">
<PropertyValue Property="LocalDataProperty" PropertyPath="Reason"/>
<PropertyValue Property="ValueListProperty" String="ReasonDescription"/>
</Record>
</Collection>
</PropertyValue>
</Record>
</Annotation>
</Annotations>
<Annotations xmlns="http://docs.oasis-open.org/odata/ns/edm" Target="cds_ui_portcallanalysis.C_CSLPortCallCarrierCargoType/ResponsibleParty">
<Annotation Term="Common.ValueList">
<Record>
<PropertyValue Property="Label" String="Responsible Party"/>
<PropertyValue Property="CollectionPath" String="I_CSL_ResponsiblePartyVH"/>
<PropertyValue Property="SearchSupported" Bool="false"/>
<PropertyValue Property="Parameters">
<Collection>
<Record Type="Common.ValueListParameterInOut">
<PropertyValue Property="LocalDataProperty" PropertyPath="ResponsibleParty"/>
<PropertyValue Property="ValueListProperty" String="ResponsibleParty"/>
</Record>
</Collection>
</PropertyValue>
</Record>
</Annotation>
</Annotations>
<Annotations xmlns="http://docs.oasis-open.org/odata/ns/edm" Target="cds_ui_portcallanalysis.C_CSLPortCallCarrierCargoType/CargoType">
<Annotation Term="Common.ValueList">
<Record>
<PropertyValue Property="Label" String="Cargo Type"/>
<PropertyValue Property="CollectionPath" String="I_CSL_CargoTypeVH"/>
<PropertyValue Property="SearchSupported" Bool="false"/>
<PropertyValue Property="Parameters">
<Collection>
<Record Type="Common.ValueListParameterInOut">
<PropertyValue Property="LocalDataProperty" PropertyPath="CargoType"/>
<PropertyValue Property="ValueListProperty" String="CargoType"/>
</Record>
</Collection>
</PropertyValue>
</Record>
</Annotation>
</Annotations>
<Annotations xmlns="http://docs.oasis-open.org/odata/ns/edm" Target="cds_ui_portcallanalysis.C_CSLPortCallCarrierCargoType/CargoReadiness">
<Annotation Term="Common.ValueList">
<Record>
<PropertyValue Property="Label" String="Cargo Readiness Status"/>
<PropertyValue Property="CollectionPath" String="I_CSL_PortCallCargoReadinessVH"/>
<PropertyValue Property="SearchSupported" Bool="false"/>
<PropertyValue Property="Parameters">
<Collection>
<Record Type="Common.ValueListParameterInOut">
<PropertyValue Property="LocalDataProperty" PropertyPath="CargoReadiness"/>
<PropertyValue Property="ValueListProperty" String="CargoReadiness"/>
</Record>
</Collection>
</PropertyValue>
</Record>
</Annotation>
</Annotations>
<Annotations xmlns="http://docs.oasis-open.org/odata/ns/edm" Target="cds_ui_portcallanalysis.C_CSLPortCallCarrierCargoType/CustomerName">
<Annotation Term="Common.ValueList">
<Record>
<PropertyValue Property="Label" String="Customer"/>
<PropertyValue Property="CollectionPath" String="I_CSL_PortCallCustomerVH"/>
<PropertyValue Property="SearchSupported" Bool="false"/>
<PropertyValue Property="Parameters">
<Collection>
<Record Type="Common.ValueListParameterDisplayOnly">
<PropertyValue Property="ValueListProperty" String="Customer"/>
</Record>
<Record Type="Common.ValueListParameterInOut">
<PropertyValue Property="LocalDataProperty" PropertyPath="CustomerName"/>
<PropertyValue Property="ValueListProperty" String="CustomerName"/>
</Record>
</Collection>
</PropertyValue>
</Record>
</Annotation>
</Annotations>
<Annotations xmlns="http://docs.oasis-open.org/odata/ns/edm" Target="cds_ui_portcallanalysis.C_CSLPortCallPartnerCargoType/PortCall">
<Annotation Term="Common.ValueList">
<Record>
<PropertyValue Property="Label" String="Port Call"/>
<PropertyValue Property="CollectionPath" String="I_CSL_TranspOrdPortCallsVH"/>
<PropertyValue Property="SearchSupported" Bool="true"/>
<PropertyValue Property="Parameters">
<Collection>
<Record Type="Common.ValueListParameterDisplayOnly">
<PropertyValue Property="ValueListProperty" String="PortCallID"/>
</Record>
<Record Type="Common.ValueListParameterInOut">
<PropertyValue Property="LocalDataProperty" PropertyPath="PortCall"/>
<PropertyValue Property="ValueListProperty" String="PortCall"/>
</Record>
</Collection>
</PropertyValue>
</Record>
</Annotation>
<Annotation Term="Common.SemanticObject" String="TMCSLPortCall"/>
</Annotations>
<Annotations xmlns="http://docs.oasis-open.org/odata/ns/edm" Target="cds_ui_portcallanalysis.C_CSLPortCallPartnerCargoType/PortName">
<Annotation Term="Common.ValueList">
<Record>
<PropertyValue Property="Label" String="Port Name"/>
<PropertyValue Property="CollectionPath" String="I_CSL_PortLocationsVH"/>
<PropertyValue Property="SearchSupported" Bool="true"/>
<PropertyValue Property="Parameters">
<Collection>
<Record Type="Common.ValueListParameterDisplayOnly">
<PropertyValue Property="ValueListProperty" String="PortID"/>
</Record>
<Record Type="Common.ValueListParameterInOut">
<PropertyValue Property="LocalDataProperty" PropertyPath="PortName"/>
<PropertyValue Property="ValueListProperty" String="PortName"/>
</Record>
</Collection>
</PropertyValue>
</Record>
</Annotation>
</Annotations>
<Annotations xmlns="http://docs.oasis-open.org/odata/ns/edm" Target="cds_ui_portcallanalysis.C_CSLPortCallPartnerCargoType/TerminalName">
<Annotation Term="Common.ValueList">
<Record>
<PropertyValue Property="Label" String="Terminal Name"/>
<PropertyValue Property="CollectionPath" String="I_CSL_TerminalLocationsVH"/>
<PropertyValue Property="SearchSupported" Bool="true"/>
<PropertyValue Property="Parameters">
<Collection>
<Record Type="Common.ValueListParameterDisplayOnly">
<PropertyValue Property="ValueListProperty" String="TerminalID"/>
</Record>
<Record Type="Common.ValueListParameterInOut">
<PropertyValue Property="LocalDataProperty" PropertyPath="TerminalName"/>
<PropertyValue Property="ValueListProperty" String="TerminalName"/>
</Record>
</Collection>
</PropertyValue>
</Record>
</Annotation>
</Annotations>
<Annotations xmlns="http://docs.oasis-open.org/odata/ns/edm" Target="cds_ui_portcallanalysis.C_CSLPortCallPartnerCargoType/Vessel">
<Annotation Term="Common.ValueList">
<Record>
<PropertyValue Property="Label" String="Vessel"/>
<PropertyValue Property="CollectionPath" String="I_CSL_PortCallVesselInfoVH"/>
<PropertyValue Property="SearchSupported" Bool="true"/>
<PropertyValue Property="Parameters">
<Collection>
<Record Type="Common.ValueListParameterInOut">
<PropertyValue Property="LocalDataProperty" PropertyPath="Vessel"/>
<PropertyValue Property="ValueListProperty" String="Vessel"/>
</Record>
<Record Type="Common.ValueListParameterDisplayOnly">
<PropertyValue Property="ValueListProperty" String="IMONumber"/>
</Record>
<Record Type="Common.ValueListParameterDisplayOnly">
<PropertyValue Property="ValueListProperty" String="CSLScheduleVesselName"/>
</Record>
</Collection>
</PropertyValue>
</Record>
</Annotation>
</Annotations>
<Annotations xmlns="http://docs.oasis-open.org/odata/ns/edm" Target="cds_ui_portcallanalysis.C_CSLPortCallPartnerCargoType/VoyageID">
<Annotation Term="Common.ValueList">
<Record>
<PropertyValue Property="Label" String="Voyage"/>
<PropertyValue Property="CollectionPath" String="I_CSL_ExecutableVoyageVH"/>
<PropertyValue Property="SearchSupported" Bool="false"/>
<PropertyValue Property="Parameters">
<Collection>
<Record Type="Common.ValueListParameterInOut">
<PropertyValue Property="LocalDataProperty" PropertyPath="VoyageID"/>
<PropertyValue Property="ValueListProperty" String="CSLScheduleVoyageID"/>
</Record>
<Record Type="Common.ValueListParameterDisplayOnly">
<PropertyValue Property="ValueListProperty" String="CSLVesselOperatorCarrierCode"/>
</Record>
<Record Type="Common.ValueListParameterDisplayOnly">
<PropertyValue Property="ValueListProperty" String="VesselOperatorName"/>
</Record>
</Collection>
</PropertyValue>
</Record>
</Annotation>
</Annotations>
<Annotations xmlns="http://docs.oasis-open.org/odata/ns/edm" Target="cds_ui_portcallanalysis.C_CSLPortCallPartnerCargoType/LineID">
<Annotation Term="Common.ValueList">
<Record>
<PropertyValue Property="Label" String="Line ID"/>
<PropertyValue Property="CollectionPath" String="I_CSL_CarrierOrgVH"/>
<PropertyValue Property="SearchSupported" Bool="true"/>
<PropertyValue Property="Parameters">
<Collection>
<Record Type="Common.ValueListParameterInOut">
<PropertyValue Property="LocalDataProperty" PropertyPath="LineID"/>
<PropertyValue Property="ValueListProperty" String="CSLLineMaintenance"/>
</Record>
<Record Type="Common.ValueListParameterDisplayOnly">
<PropertyValue Property="ValueListProperty" String="Carrier"/>
</Record>
<Record Type="Common.ValueListParameterDisplayOnly">
<PropertyValue Property="ValueListProperty" String="BusinessPartnerFullName"/>
</Record>
</Collection>
</PropertyValue>
</Record>
</Annotation>
</Annotations>
<Annotations xmlns="http://docs.oasis-open.org/odata/ns/edm" Target="cds_ui_portcallanalysis.C_CSLPortCallPartnerCargoType/VesselOperator">
<Annotation Term="Common.ValueList">
<Record>
<PropertyValue Property="Label" String="Vessel Operator"/>
<PropertyValue Property="CollectionPath" String="I_CSL_Vessel_OperatorVH"/>
<PropertyValue Property="SearchSupported" Bool="true"/>
<PropertyValue Property="Parameters">
<Collection>
<Record Type="Common.ValueListParameterDisplayOnly">
<PropertyValue Property="ValueListProperty" String="VesselOperatorID"/>
</Record>
<Record Type="Common.ValueListParameterInOut">
<PropertyValue Property="LocalDataProperty" PropertyPath="VesselOperator"/>
<PropertyValue Property="ValueListProperty" String="VesselOperatorName"/>
</Record>
</Collection>
</PropertyValue>
</Record>
</Annotation>
</Annotations>
<Annotations xmlns="http://docs.oasis-open.org/odata/ns/edm" Target="cds_ui_portcallanalysis.C_CSLPortCallPartnerCargoType/CalendarQuarter">
<Annotation Term="Common.ValueList">
<Record>
<PropertyValue Property="Label" String="Calendar Quarter"/>
<PropertyValue Property="CollectionPath" String="I_CSL_CalendarQuarterVH"/>
<PropertyValue Property="SearchSupported" Bool="false"/>
<PropertyValue Property="Parameters">
<Collection>
<Record Type="Common.ValueListParameterInOut">
<PropertyValue Property="LocalDataProperty" PropertyPath="CalendarQuarter"/>
<PropertyValue Property="ValueListProperty" String="CalendarQuarter"/>
</Record>
</Collection>
</PropertyValue>
</Record>
</Annotation>
</Annotations>
<Annotations xmlns="http://docs.oasis-open.org/odata/ns/edm" Target="cds_ui_portcallanalysis.C_CSLPortCallPartnerCargoType/Status">
<Annotation Term="Common.ValueList">
<Record>
<PropertyValue Property="Label" String="Cargo Status"/>
<PropertyValue Property="CollectionPath" String="I_CSL_PartnerCargoStatusVH"/>
<PropertyValue Property="SearchSupported" Bool="false"/>
<PropertyValue Property="Parameters">
<Collection>
<Record Type="Common.ValueListParameterInOut">
<PropertyValue Property="LocalDataProperty" PropertyPath="Status"/>
<PropertyValue Property="ValueListProperty" String="Status"/>
</Record>
</Collection>
</PropertyValue>
</Record>
</Annotation>
</Annotations>
<Annotations xmlns="http://docs.oasis-open.org/odata/ns/edm" Target="cds_ui_portcallanalysis.C_CSLPortCallPartnerCargoType/Reason">
<Annotation Term="Common.ValueList">
<Record>
<PropertyValue Property="Label" String="Cut Reason"/>
<PropertyValue Property="CollectionPath" String="I_CSLPortCallReasonVH"/>
<PropertyValue Property="SearchSupported" Bool="true"/>
<PropertyValue Property="Parameters">
<Collection>
<Record Type="Common.ValueListParameterDisplayOnly">
<PropertyValue Property="ValueListProperty" String="ReasonCode"/>
</Record>
<Record Type="Common.ValueListParameterInOut">
<PropertyValue Property="LocalDataProperty" PropertyPath="Reason"/>
<PropertyValue Property="ValueListProperty" String="ReasonDescription"/>
</Record>
</Collection>
</PropertyValue>
</Record>
</Annotation>
</Annotations>
<Annotations xmlns="http://docs.oasis-open.org/odata/ns/edm" Target="cds_ui_portcallanalysis.C_CSLPortCallPartnerCargoType/ResponsibleParty">
<Annotation Term="Common.ValueList">
<Record>
<PropertyValue Property="Label" String="Responsible Party"/>
<PropertyValue Property="CollectionPath" String="I_CSL_PartnerCargoRespPartyVH"/>
<PropertyValue Property="SearchSupported" Bool="false"/>
<PropertyValue Property="Parameters">
<Collection>
<Record Type="Common.ValueListParameterInOut">
<PropertyValue Property="LocalDataProperty" PropertyPath="ResponsibleParty"/>
<PropertyValue Property="ValueListProperty" String="ResponsibleParty"/>
</Record>
</Collection>
</PropertyValue>
</Record>
</Annotation>
</Annotations>
<Annotations xmlns="http://docs.oasis-open.org/odata/ns/edm" Target="cds_ui_portcallanalysis.C_CSLPortCallPartnerCargoType/CargoType">
<Annotation Term="Common.ValueList">
<Record>
<PropertyValue Property="Label" String="Cargo Type"/>
<PropertyValue Property="CollectionPath" String="I_CSL_CargoTypeVH"/>
<PropertyValue Property="SearchSupported" Bool="false"/>
<PropertyValue Property="Parameters">
<Collection>
<Record Type="Common.ValueListParameterInOut">
<PropertyValue Property="LocalDataProperty" PropertyPath="CargoType"/>
<PropertyValue Property="ValueListProperty" String="CargoType"/>
</Record>
</Collection>
</PropertyValue>
</Record>
</Annotation>
</Annotations>
<Annotations xmlns="http://docs.oasis-open.org/odata/ns/edm" Target="cds_ui_portcallanalysis.cds_ui_portcallanalysis_Entities">
<Annotation Term="Common.ApplyMultiUnitBehaviorForSortingAndFiltering" Bool="true"/>
</Annotations>
<Annotations xmlns="http://docs.oasis-open.org/odata/ns/edm" Target="cds_ui_portcallanalysis.cds_ui_portcallanalysis_Entities/C_CSLMEASURECARRIERCARGO">
<Annotation Term="Capabilities.FilterRestrictions">
<Record>
<PropertyValue Property="NonFilterableProperties">
<Collection>
<PropertyPath>ID</PropertyPath>
<PropertyPath>NumberofContainers</PropertyPath>
</Collection>
</PropertyValue>
<PropertyValue Property="FilterExpressionRestrictions">
<Collection>
<Record>
<PropertyValue Property="Property" PropertyPath="ArrivalDate"/>
<PropertyValue Property="AllowedExpressions" String="SingleRange"/>
</Record>
</Collection>
</PropertyValue>
</Record>
</Annotation>
<Annotation Term="Capabilities.SortRestrictions">
<Record>
<PropertyValue Property="NonSortableProperties">
<Collection>
<PropertyPath>ID</PropertyPath>
</Collection>
</PropertyValue>
</Record>
</Annotation>
</Annotations>
<Annotations xmlns="http://docs.oasis-open.org/odata/ns/edm" Target="cds_ui_portcallanalysis.cds_ui_portcallanalysis_Entities/C_CSLMeasurePartnerCargo">
<Annotation Term="Capabilities.FilterRestrictions">
<Record>
<PropertyValue Property="NonFilterableProperties">
<Collection>
<PropertyPath>ID</PropertyPath>
<PropertyPath>NumberofContainers</PropertyPath>
</Collection>
</PropertyValue>
<PropertyValue Property="FilterExpressionRestrictions">
<Collection>
<Record>
<PropertyValue Property="Property" PropertyPath="ArrivalDate"/>
<PropertyValue Property="AllowedExpressions" String="SingleRange"/>
</Record>
</Collection>
</PropertyValue>
</Record>
</Annotation>
<Annotation Term="Capabilities.SortRestrictions">
<Record>
<PropertyValue Property="NonSortableProperties">
<Collection>
<PropertyPath>ID</PropertyPath>
</Collection>
</PropertyValue>
</Record>
</Annotation>
</Annotations>
<Annotations xmlns="http://docs.oasis-open.org/odata/ns/edm" Target="cds_ui_portcallanalysis.cds_ui_portcallanalysis_Entities/C_CSLPortCallArrivals">
<Annotation Term="Capabilities.FilterRestrictions">
<Record>
<PropertyValue Property="FilterExpressionRestrictions">
<Collection>
<Record>
<PropertyValue Property="Property" PropertyPath="ArrivalDate"/>
<PropertyValue Property="AllowedExpressions" String="SingleRange"/>
</Record>
<Record>
<PropertyValue Property="Property" PropertyPath="DepartureDate"/>
<PropertyValue Property="AllowedExpressions" String="SingleRange"/>
</Record>
</Collection>
</PropertyValue>
</Record>
</Annotation>
</Annotations>
<Annotations xmlns="http://docs.oasis-open.org/odata/ns/edm" Target="cds_ui_portcallanalysis.cds_ui_portcallanalysis_Entities/C_CSLPortCallCarrierCargo">
<Annotation Term="Capabilities.FilterRestrictions">
<Record>
<PropertyValue Property="FilterExpressionRestrictions">
<Collection>
<Record>
<PropertyValue Property="Property" PropertyPath="ArrivalDate"/>
<PropertyValue Property="AllowedExpressions" String="SingleRange"/>
</Record>
</Collection>
</PropertyValue>
</Record>
</Annotation>
</Annotations>
<Annotations xmlns="http://docs.oasis-open.org/odata/ns/edm" Target="cds_ui_portcallanalysis.cds_ui_portcallanalysis_Entities/C_CSLPortCallPartnerCargo">
<Annotation Term="Capabilities.FilterRestrictions">
<Record>
<PropertyValue Property="FilterExpressionRestrictions">
<Collection>
<Record>
<PropertyValue Property="Property" PropertyPath="ArrivalDate"/>
<PropertyValue Property="AllowedExpressions" String="SingleRange"/>
</Record>
</Collection>
</PropertyValue>
</Record>
</Annotation>
</Annotations>
<Annotations xmlns="http://docs.oasis-open.org/odata/ns/edm" Target="cds_ui_portcallanalysis.C_CSLMEASURECARRIERCARGOType/NumberofContainers"/>
<Annotations xmlns="http://docs.oasis-open.org/odata/ns/edm" Target="cds_ui_portcallanalysis.C_CSLMeasurePartnerCargoType/NumberofContainers"/>
<Annotations xmlns="http://docs.oasis-open.org/odata/ns/edm" Target="cds_ui_portcallanalysis.cds_ui_portcallanalysis_Entities">
<Annotation Term="SAP__CodeList.CurrencyCodes">
<Record>
<PropertyValue Property="Url" String="./$metadata"/>
<PropertyValue Property="CollectionPath" String="SAP__Currencies"/>
</Record>
</Annotation>
<Annotation Term="SAP__CodeList.UnitsOfMeasure">
<Record>
<PropertyValue Property="Url" String="./$metadata"/>
<PropertyValue Property="CollectionPath" String="SAP__UnitsOfMeasure"/>
</Record>
</Annotation>
</Annotations>
<Annotations xmlns="http://docs.oasis-open.org/odata/ns/edm" Target="cds_ui_portcallanalysis.SAP__Currency/CurrencyCode">
<Annotation Term="SAP__common.Text" Path="Text"/>
<Annotation Term="SAP__common.UnitSpecificScale" Path="DecimalPlaces"/>
<Annotation Term="SAP__CodeList.StandardCode" Path="ISOCode"/>
</Annotations>
<Annotations xmlns="http://docs.oasis-open.org/odata/ns/edm" Target="cds_ui_portcallanalysis.SAP__UnitOfMeasure/UnitCode">
<Annotation Term="SAP__common.Text" Path="Text"/>
<Annotation Term="SAP__common.UnitSpecificScale" Path="DecimalPlaces"/>
<Annotation Term="SAP__CodeList.StandardCode" Path="ISOCode"/>
<Annotation Term="SAP__CodeList.ExternalCode" Path="ExternalCode"/>
</Annotations>
<Annotations xmlns="http://docs.oasis-open.org/odata/ns/edm" Target="cds_ui_portcallanalysis.SAP__UnitOfMeasure">
<Annotation Term="SAP__core.AlternateKeys">
<Collection>
<Record>
<PropertyValue Property="Key">
<Collection>
<Record>
<PropertyValue Property="Name" Path="ExternalCode"/>
<PropertyValue Property="Alias" String="ExternalCode"/>
</Record>
</Collection>
</PropertyValue>
</Record>
</Collection>
</Annotation>
</Annotations>
<atom:link xmlns:atom="http://www.w3.org/2005/Atom" rel="self" href="https://ldcix4z.devint.net.sap:44311/sap/opu/odata/sap/UI_PORTCALLANALYSIS/$metadata"/>
<atom:link xmlns:atom="http://www.w3.org/2005/Atom" rel="latest-version" href="https://ldcix4z.devint.net.sap:44311/sap/opu/odata/sap/UI_PORTCALLANALYSIS/$metadata"/>
</Schema>
</edmx:DataServices>
</edmx:Edmx>