<?xml version="1.0" encoding="utf-8"?>
<edmx:Edmx Version="4.0" xmlns:edmx="http://docs.oasis-open.org/odata/ns/edmx">
    <edmx:Reference Uri="../../catalogservice;v=2/Vocabularies(TechnicalName='%2FIWBEP%2FVOC_COMMON',Version='0001',SAP__Origin='LOCAL')/$value">
        <edmx:Include Namespace="com.sap.vocabularies.Common.v1" Alias="Common"/>
    </edmx:Reference>
    <edmx:Reference Uri="../../catalogservice;v=2/Vocabularies(TechnicalName='%2FIWBEP%2FVOC_UI',Version='0001',SAP__Origin='LOCAL')/$value">
        <edmx:Include Namespace="com.sap.vocabularies.UI.v1" Alias="UI"/>
    </edmx:Reference>
    <edmx:Reference Uri="../../catalogservice;v=2/Vocabularies(TechnicalName='%2FIWBEP%2FVOC_COMMUNICATION',Version='0001',SAP__Origin='LOCAL')/$value">
        <edmx:Include Namespace="com.sap.vocabularies.Communication.v1" Alias="Communication"/>
    </edmx:Reference>
    <edmx:Reference Uri="../../catalogservice;v=2/Vocabularies(TechnicalName='%2FIWBEP%2FVOC_PERSONALDATA',Version='0001',SAP__Origin='LOCAL')/$value">
        <edmx:Include Namespace="com.sap.vocabularies.PersonalData.v1" Alias="PersonalData"/>
    </edmx:Reference>
    <edmx:Reference Uri="../../catalogservice;v=2/Vocabularies(TechnicalName='%2FIWBEP%2FVOC_VALIDATION',Version='0001',SAP__Origin='LOCAL')/$value">
        <edmx:Include Namespace="Org.OData.Validation.V1" Alias="Validation"/>
    </edmx:Reference>
    <edmx:Reference Uri="../../catalogservice;v=2/Vocabularies(TechnicalName='%2FIWBEP%2FVOC_ANALYTICS',Version='0001',SAP__Origin='LOCAL')/$value">
        <edmx:Include Namespace="com.sap.vocabularies.Analytics.v1" Alias="Analytics"/>
    </edmx:Reference>
    <edmx:Reference Uri="../../catalogservice;v=2/Vocabularies(TechnicalName='%2FIWBEP%2FVOC_HTML5',Version='0001',SAP__Origin='LOCAL')/$value">
        <edmx:Include Namespace="com.sap.vocabularies.HTML5.v1" Alias="HTML5"/>
    </edmx:Reference>
    <edmx:Reference Uri="../../../sap/ui_portcallanalysis/$metadata">
        <edmx:Include Namespace="UI_PORTCALLANALYSIS" Alias="SAP"/>
    </edmx:Reference>
    <edmx:DataServices>
        <Schema Namespace="ui_portcallanalysis_van.v1" xmlns="http://docs.oasis-open.org/odata/ns/edm">
            <Annotations Target="cds_ui_portcallanalysis.C_CSLPortCallArrivalsType/PortID">
                <Annotation Term="UI.HiddenFilter"/>
            </Annotations>
            <Annotations Target="cds_ui_portcallanalysis.C_CSLPortCallArrivalsType/TerminalID">
                <Annotation Term="UI.HiddenFilter"/>
            </Annotations>
            <Annotations Target="cds_ui_portcallanalysis.C_CSLPortCallArrivalsType/PortCallKey">
                <Annotation Term="UI.Hidden"/>
            </Annotations>
            <Annotations Target="cds_ui_portcallanalysis.C_CSLPortCallArrivalsType">
                <Annotation Term="UI.Identification">
                    <Collection>
                        <Record Type="UI.DataFieldWithIntentBasedNavigation">
                            <PropertyValue Property="SemanticObject" String="TMCSLPortCall"/>
                            <PropertyValue Property="Action" String="display"/>
                            <PropertyValue Property="Value" Path="PortCallID"/>
                        </Record>
                    </Collection>
                </Annotation>
                <Annotation Term="UI.LineItem">
                    <Collection>
                        <Record Type="UI.DataFieldWithIntentBasedNavigation">
                            <PropertyValue Property="Label" String="Port Call"/>
                            <PropertyValue Property="SemanticObject" String="TMCSLPortCall"/>
                            <PropertyValue Property="Action" String="display"/>
                            <PropertyValue Property="Value" Path="PortCallID"/>
                            <Annotation Term="UI.Importance" EnumMember="UI.ImportanceType/High"/>
                        </Record>
                        <Record Type="UI.DataField">
                            <PropertyValue Property="Label" String="Arrival Date"/>
                            <PropertyValue Property="Value" Path="ArrivalDate"/>
                            <Annotation Term="UI.Importance" EnumMember="UI.ImportanceType/High"/>
                        </Record>
                        <Record Type="UI.DataField">
                            <PropertyValue Property="Label" String="Departure Date"/>
                            <PropertyValue Property="Value" Path="DepartureDate"/>
                            <Annotation Term="UI.Importance" EnumMember="UI.ImportanceType/High"/>
                        </Record>
                        <Record Type="UI.DataField">
                            <PropertyValue Property="Label" String="Port Name"/>
                            <PropertyValue Property="Value" Path="PortName"/>
                            <Annotation Term="UI.Importance" EnumMember="UI.ImportanceType/High"/>
                        </Record>
                        <Record Type="UI.DataField">
                            <PropertyValue Property="Label" String="External Voyage ID"/>
                            <PropertyValue Property="Value" Path="VoyageID"/>
                            <Annotation Term="UI.Importance" EnumMember="UI.ImportanceType/Low"/>
                        </Record>
                        <Record Type="UI.DataField">
                            <PropertyValue Property="Label" String="Terminal"/>
                            <PropertyValue Property="Value" Path="TerminalName"/>
                            <Annotation Term="UI.Importance" EnumMember="UI.ImportanceType/High"/>
                        </Record>
                        <Record Type="UI.DataField">
                            <PropertyValue Property="Label" String="IMO Number"/>
                            <PropertyValue Property="Value" Path="IMONumber"/>
                            <Annotation Term="UI.Importance" EnumMember="UI.ImportanceType/High"/>
                        </Record>
                        <Record Type="UI.DataField">
                            <PropertyValue Property="Label" String="Vessel Operator"/>
                            <PropertyValue Property="Value" Path="VesselOperator"/>
                            <Annotation Term="UI.Importance" EnumMember="UI.ImportanceType/Low"/>
                        </Record>
                        <Record Type="UI.DataField">
                            <PropertyValue Property="Label" String="Vessel"/>
                            <PropertyValue Property="Value" Path="Vessel"/>
                            <Annotation Term="UI.Importance" EnumMember="UI.ImportanceType/High"/>
                        </Record>
                    </Collection>
                </Annotation>
                <Annotation Term="UI.PresentationVariant">
                    <Record>
                        <PropertyValue Property="SortOrder">
                            <Collection>
                                <Record Type="Common.SortOrderType">
                                    <PropertyValue Property="Property" PropertyPath="ArrivalDate"/>
                                    <PropertyValue Property="Descending" Bool="false"/>
                                </Record>
                                <Record Type="Common.SortOrderType">
                                    <PropertyValue Property="Property" PropertyPath="PortCallID"/>
                                    <PropertyValue Property="Descending" Bool="false"/>
                                </Record>
                            </Collection>
                        </PropertyValue>
                        <PropertyValue Property="RequestAtLeast">
                            <Collection>
                                <PropertyPath>PortCallID</PropertyPath>
                                <PropertyPath>ArrivalDate</PropertyPath>
                            </Collection>
                        </PropertyValue>
                        <PropertyValue Property="Visualizations">
                            <Collection>
                                <AnnotationPath>@UI.LineItem</AnnotationPath>
                            </Collection>
                        </PropertyValue>
                    </Record>
                </Annotation>
                <Annotation Term="UI.SelectionFields">
                    <Collection>
                        <PropertyPath>PortCallID</PropertyPath>
                        <PropertyPath>PortName</PropertyPath>
                        <PropertyPath>TerminalName</PropertyPath>
                        <PropertyPath>Vessel</PropertyPath>
                        <PropertyPath>VoyageID</PropertyPath>
                        <PropertyPath>ArrivalDate</PropertyPath>
                        <PropertyPath>VesselOperator</PropertyPath>
                    </Collection>
                </Annotation>
            </Annotations>
            <Annotations Target="cds_ui_portcallanalysis.C_CSLPortCallCarrierCargoType/PortCallKey">
                <Annotation Term="UI.Hidden"/>
            </Annotations>
            <Annotations Target="cds_ui_portcallanalysis.C_CSLPortCallCarrierCargoType/ScheduleUUID">
                <Annotation Term="UI.Hidden"/>
            </Annotations>
            <Annotations Target="cds_ui_portcallanalysis.C_CSLPortCallCarrierCargoType/CargoGroup">
                <Annotation Term="UI.Hidden"/>
            </Annotations>
            <Annotations Target="cds_ui_portcallanalysis.C_CSLPortCallCarrierCargoType/SortOrder">
                <Annotation Term="UI.Hidden"/>
            </Annotations>
            <Annotations Target="cds_ui_portcallanalysis.C_CSLPortCallCarrierCargoType/CutReason">
                <Annotation Term="UI.Hidden"/>
            </Annotations>
            <Annotations Target="cds_ui_portcallanalysis.C_CSLPortCallCarrierCargoType/Criticality">
                <Annotation Term="UI.Hidden"/>
            </Annotations>
            <Annotations Target="cds_ui_portcallanalysis.C_CSLPortCallCarrierCargoType">
                <Annotation Term="UI.DataPoint" Qualifier="Status">
                    <Record>
                        <PropertyValue Property="Value" Path="Status"/>
                        <PropertyValue Property="Title" String="Cargo Status"/>
                        <PropertyValue Property="Criticality" Path="Criticality"/>
                    </Record>
                </Annotation>
                <Annotation Term="UI.LineItem">
                    <Collection>
                        <Record Type="UI.DataFieldWithIntentBasedNavigation">
                            <PropertyValue Property="Label" String="Port Call"/>
                            <PropertyValue Property="SemanticObject" String="TMCSLPortCall"/>
                            <PropertyValue Property="Action" String="display"/>
                            <PropertyValue Property="Value" Path="PortCallID"/>
                        </Record>
                        <Record Type="UI.DataField">
                            <PropertyValue Property="Label" String="Booking Number"/>
                            <PropertyValue Property="Value" Path="BookingNumber"/>
                        </Record>
                        <Record Type="UI.DataField">
                            <PropertyValue Property="Label" String="Container ID"/>
                            <PropertyValue Property="Value" Path="ContainerID"/>
                        </Record>
                        <Record Type="UI.DataField">
                            <PropertyValue Property="Label" String="Port Name"/>
                            <PropertyValue Property="Value" Path="PortName"/>
                        </Record>
                        <Record Type="UI.DataField">
                            <PropertyValue Property="Label" String="Terminal"/>
                            <PropertyValue Property="Value" Path="TerminalName"/>
                        </Record>
                        <Record Type="UI.DataField">
                            <PropertyValue Property="Label" String="Cargo Type"/>
                            <PropertyValue Property="Value" Path="CargoType"/>
                        </Record>
                        <Record Type="UI.DataField">
                            <PropertyValue Property="Label" String="Cargo Readiness"/>
                            <PropertyValue Property="Value" Path="CargoReadiness"/>
                        </Record>
                        <Record Type="UI.DataField">
                            <PropertyValue Property="Label" String="Arrival Date"/>
                            <PropertyValue Property="Value" Path="ArrivalDate"/>
                        </Record>
                        <Record Type="UI.DataField">
                            <PropertyValue Property="Label" String="Cargo Status"/>
                            <PropertyValue Property="Value" Path="Status"/>
                        </Record>
                        <Record Type="UI.DataField">
                            <PropertyValue Property="Label" String="Customer"/>
                            <PropertyValue Property="Value" Path="Customer"/>
                        </Record>
                        <Record Type="UI.DataField">
                            <PropertyValue Property="Label" String="Vessel"/>
                            <PropertyValue Property="Value" Path="Vessel"/>
                        </Record>
                        <Record Type="UI.DataField">
                            <PropertyValue Property="Label" String="Cut Reason"/>
                            <PropertyValue Property="Value" Path="Reason"/>
                        </Record>
                        <Record Type="UI.DataField">
                            <PropertyValue Property="Label" String="External Voyage ID"/>
                            <PropertyValue Property="Value" Path="VoyageID"/>
                        </Record>
                        <Record Type="UI.DataField">
                            <PropertyValue Property="Label" String="Cut Responsible Party"/>
                            <PropertyValue Property="Value" Path="ResponsibleParty"/>
                        </Record>
                        <Record Type="UI.DataField">
                            <PropertyValue Property="Label" String="Line ID"/>
                            <PropertyValue Property="Value" Path="LineID"/>
                        </Record>
                        <Record Type="UI.DataField">
                            <PropertyValue Property="Label" String="Vessel Operator"/>
                            <PropertyValue Property="Value" Path="VesselOperator"/>
                        </Record>
                    </Collection>
                </Annotation>
                <Annotation Term="UI.SelectionFields">
                    <Collection>
                        <PropertyPath>PortCallID</PropertyPath>
                        <PropertyPath>PortID</PropertyPath>
                        <PropertyPath>TerminalID</PropertyPath>
                        <PropertyPath>Vessel</PropertyPath>
                        <PropertyPath>VoyageID</PropertyPath>
                        <PropertyPath>LineID</PropertyPath>
                        <PropertyPath>ArrivalDate</PropertyPath>
                        <PropertyPath>Status</PropertyPath>
                    </Collection>
                </Annotation>
            </Annotations>
            <Annotations Target="cds_ui_portcallanalysis.C_CSLPortCallPartnerCargoType/PortCallKey">
                <Annotation Term="UI.Hidden"/>
            </Annotations>
            <Annotations Target="cds_ui_portcallanalysis.C_CSLPortCallPartnerCargoType/ScheduleUUID">
                <Annotation Term="UI.Hidden"/>
            </Annotations>
            <Annotations Target="cds_ui_portcallanalysis.C_CSLPortCallPartnerCargoType/VesselOperatorID">
                <Annotation Term="UI.Hidden"/>
            </Annotations>
            <Annotations Target="cds_ui_portcallanalysis.C_CSLPortCallPartnerCargoType/CalendarYQ">
                <Annotation Term="UI.Hidden"/>
            </Annotations>
            <Annotations Target="cds_ui_portcallanalysis.C_CSLPortCallPartnerCargoType/CargoGroup">
                <Annotation Term="UI.Hidden"/>
            </Annotations>
            <Annotations Target="cds_ui_portcallanalysis.C_CSLPortCallPartnerCargoType/SortOrder">
                <Annotation Term="UI.Hidden"/>
            </Annotations>
            <Annotations Target="cds_ui_portcallanalysis.C_CSLPortCallPartnerCargoType/CutReason">
                <Annotation Term="UI.Hidden"/>
            </Annotations>
            <Annotations Target="cds_ui_portcallanalysis.C_CSLPortCallPartnerCargoType/Criticality">
                <Annotation Term="UI.Hidden"/>
            </Annotations>
            <Annotations Target="cds_ui_portcallanalysis.C_CSLPortCallPartnerCargoType">
                <Annotation Term="UI.DataPoint" Qualifier="Status">
                    <Record>
                        <PropertyValue Property="Value" Path="Status"/>
                        <PropertyValue Property="Title" String="Cargo Status"/>
                        <PropertyValue Property="Criticality" Path="Criticality"/>
                    </Record>
                </Annotation>
                <Annotation Term="UI.LineItem">
                    <Collection>
                        <Record Type="UI.DataFieldWithIntentBasedNavigation">
                            <PropertyValue Property="Label" String="Port Call"/>
                            <PropertyValue Property="SemanticObject" String="TMCSLPortCall"/>
                            <PropertyValue Property="Action" String="display"/>
                            <PropertyValue Property="Value" Path="PortCallID"/>
                            <Annotation Term="UI.Importance" EnumMember="UI.ImportanceType/High"/>
                        </Record>
                        <Record Type="UI.DataField">
                            <PropertyValue Property="Value" Path="ArrivalDate"/>
                            <Annotation Term="UI.Importance" EnumMember="UI.ImportanceType/High"/>
                        </Record>
                        <Record Type="UI.DataField">
                            <PropertyValue Property="Value" Path="PartnerName"/>
                            <Annotation Term="UI.Importance" EnumMember="UI.ImportanceType/High"/>
                        </Record>
                        <Record Type="UI.DataField">
                            <PropertyValue Property="Label" String="External Voyage ID"/>
                            <PropertyValue Property="Value" Path="VoyageID"/>
                            <Annotation Term="UI.Importance" EnumMember="UI.ImportanceType/High"/>
                        </Record>
                        <Record Type="UI.DataField">
                            <PropertyValue Property="Label" String="Vessel"/>
                            <PropertyValue Property="Value" Path="Vessel"/>
                            <Annotation Term="UI.Importance" EnumMember="UI.ImportanceType/High"/>
                        </Record>
                        <Record Type="UI.DataField">
                            <PropertyValue Property="Label" String="Port"/>
                            <PropertyValue Property="Value" Path="PortName"/>
                            <Annotation Term="UI.Importance" EnumMember="UI.ImportanceType/High"/>
                        </Record>
                        <Record Type="UI.DataField">
                            <PropertyValue Property="Label" String="Terminal"/>
                            <PropertyValue Property="Value" Path="TerminalName"/>
                            <Annotation Term="UI.Importance" EnumMember="UI.ImportanceType/High"/>
                        </Record>
                        <Record Type="UI.DataField">
                            <PropertyValue Property="Label" String="Container ID"/>
                            <PropertyValue Property="Value" Path="ContainerID"/>
                            <Annotation Term="UI.Importance" EnumMember="UI.ImportanceType/High"/>
                        </Record>
                        <Record Type="UI.DataField">
                            <PropertyValue Property="Label" String="Cargo Type"/>
                            <PropertyValue Property="Value" Path="CargoType"/>
                            <Annotation Term="UI.Importance" EnumMember="UI.ImportanceType/High"/>
                        </Record>
                        <Record Type="UI.DataField">
                            <PropertyValue Property="Label" String="Cut Reason"/>
                            <PropertyValue Property="Value" Path="Reason"/>
                            <Annotation Term="UI.Importance" EnumMember="UI.ImportanceType/High"/>
                        </Record>
                        <Record Type="UI.DataField">
                            <PropertyValue Property="Label" String="Cut Responsible Party"/>
                            <PropertyValue Property="Value" Path="ResponsibleParty"/>
                            <Annotation Term="UI.Importance" EnumMember="UI.ImportanceType/High"/>
                        </Record>
                        <Record Type="UI.DataField">
                            <PropertyValue Property="Label" String="Vessel Operator"/>
                            <PropertyValue Property="Value" Path="VesselOperator"/>
                            <Annotation Term="UI.Importance" EnumMember="UI.ImportanceType/Low"/>
                        </Record>
                        <Record Type="UI.DataField">
                            <PropertyValue Property="Label" String="Line"/>
                            <PropertyValue Property="Value" Path="LineID"/>
                            <Annotation Term="UI.Importance" EnumMember="UI.ImportanceType/Low"/>
                        </Record>
                        <Record Type="UI.DataField">
                            <PropertyValue Property="Label" String="Booking Number"/>
                            <PropertyValue Property="Value" Path="BookingNumber"/>
                            <Annotation Term="UI.Importance" EnumMember="UI.ImportanceType/Low"/>
                        </Record>
                    </Collection>
                </Annotation>
                <Annotation Term="UI.SelectionFields">
                    <Collection>
                        <PropertyPath>PortCallID</PropertyPath>
                        <PropertyPath>PortName</PropertyPath>
                        <PropertyPath>TerminalName</PropertyPath>
                        <PropertyPath>Vessel</PropertyPath>
                        <PropertyPath>VoyageID</PropertyPath>
                        <PropertyPath>LineID</PropertyPath>
                        <PropertyPath>ArrivalDate</PropertyPath>
                    </Collection>
                </Annotation>
            </Annotations>
            <Annotations Target="cds_ui_portcallanalysis.I_CSLPortCallReasonVHType">
                <Annotation Term="UI.LineItem">
                    <Collection>
                        <Record Type="UI.DataField">
                            <PropertyValue Property="Label" String="Reason Code"/>
                            <PropertyValue Property="Value" Path="ReasonCode"/>
                        </Record>
                        <Record Type="UI.DataField">
                            <PropertyValue Property="Label" String="Reason Description"/>
                            <PropertyValue Property="Value" Path="ReasonDescription"/>
                        </Record>
                    </Collection>
                </Annotation>
            </Annotations>
            <Annotations Target="cds_ui_portcallanalysis.I_CSL_LineMaintenanceVHType/CSLLineMaintLineTypeDesc">
                <Annotation Term="UI.HiddenFilter"/>
            </Annotations>
            <Annotations Target="cds_ui_portcallanalysis.I_CSL_LineMaintenanceVHType/CSLLineMaintenanceType">
                <Annotation Term="UI.Hidden"/>
            </Annotations>
            <Annotations Target="cds_ui_portcallanalysis.I_CSL_LineMaintenanceVHType">
                <Annotation Term="UI.LineItem">
                    <Collection>
                        <Record Type="UI.DataField">
                            <PropertyValue Property="Label" String="Line ID"/>
                            <PropertyValue Property="Value" Path="CSLLineMaintenance"/>
                        </Record>
                        <Record Type="UI.DataField">
                            <PropertyValue Property="Label" String="Line ID Description"/>
                            <PropertyValue Property="Value" Path="CSLLineMaintLineDesc"/>
                        </Record>
                        <Record Type="UI.DataField">
                            <PropertyValue Property="Label" String="Carrier"/>
                            <PropertyValue Property="Value" Path="CSLLineMaintCarrier"/>
                        </Record>
                        <Record Type="UI.DataField">
                            <PropertyValue Property="Label" String="Group of Lines"/>
                            <PropertyValue Property="Value" Path="CSLLineMaintGrpOfLines"/>
                        </Record>
                        <Record Type="UI.DataField">
                            <PropertyValue Property="Label" String="Line"/>
                            <PropertyValue Property="Value" Path="CSLLineMaintLineID"/>
                        </Record>
                        <Record Type="UI.DataField">
                            <PropertyValue Property="Label" String="Created By"/>
                            <PropertyValue Property="Value" Path="CreatedByUser"/>
                        </Record>
                        <Record Type="UI.DataField">
                            <PropertyValue Property="Label" String="Created On"/>
                            <PropertyValue Property="Value" Path="CreationDateTime"/>
                        </Record>
                        <Record Type="UI.DataField">
                            <PropertyValue Property="Label" String="Changed By"/>
                            <PropertyValue Property="Value" Path="LastChangedByUser"/>
                        </Record>
                        <Record Type="UI.DataField">
                            <PropertyValue Property="Label" String="Changed On"/>
                            <PropertyValue Property="Value" Path="ChangedDateTime"/>
                        </Record>
                    </Collection>
                </Annotation>
            </Annotations>
            <Annotations Target="cds_ui_portcallanalysis.I_CSL_PortCallBookingsVHType">
                <Annotation Term="UI.LineItem">
                    <Collection>
                        <Record Type="UI.DataField">
                            <PropertyValue Property="Label" String="Booking Number"/>
                            <PropertyValue Property="Value" Path="BookingNumber"/>
                        </Record>
                    </Collection>
                </Annotation>
            </Annotations>
            <Annotations Target="cds_ui_portcallanalysis.I_CSL_PortCallContainerVHType">
                <Annotation Term="UI.LineItem">
                    <Collection>
                        <Record Type="UI.DataField">
                            <PropertyValue Property="Label" String="Container"/>
                            <PropertyValue Property="Value" Path="ContainerID"/>
                        </Record>
                    </Collection>
                </Annotation>
            </Annotations>
            <Annotations Target="cds_ui_portcallanalysis.I_CSL_PortLocationsVHType">
                <Annotation Term="UI.LineItem">
                    <Collection>
                        <Record Type="UI.DataField">
                            <PropertyValue Property="Label" String="Port"/>
                            <PropertyValue Property="Value" Path="PortID"/>
                        </Record>
                    </Collection>
                </Annotation>
            </Annotations>
            <Annotations Target="cds_ui_portcallanalysis.I_CSL_TerminalLocationsVHType">
                <Annotation Term="UI.LineItem">
                    <Collection>
                        <Record Type="UI.DataField">
                            <PropertyValue Property="Label" String="Terminal"/>
                            <PropertyValue Property="Value" Path="TerminalID"/>
                        </Record>
                    </Collection>
                </Annotation>
            </Annotations>
            <Annotations Target="cds_ui_portcallanalysis.I_CSL_TranspOrdPCStatusVHType">
                <Annotation Term="UI.LineItem">
                    <Collection>
                        <Record Type="UI.DataField">
                            <PropertyValue Property="Label" String="Status"/>
                            <PropertyValue Property="Value" Path="Status"/>
                        </Record>
                    </Collection>
                </Annotation>
            </Annotations>
            <Annotations Target="cds_ui_portcallanalysis.I_CSL_TranspOrdPortCallsVHType/VoyageID">
                <Annotation Term="UI.Hidden"/>
            </Annotations>
            <Annotations Target="cds_ui_portcallanalysis.I_CSL_TranspOrdPortCallsVHType">
                <Annotation Term="UI.LineItem">
                    <Collection>
                        <Record Type="UI.DataField">
                            <PropertyValue Property="Label" String="Port Call"/>
                            <PropertyValue Property="Value" Path="PortCallID"/>
                        </Record>
                        <Record Type="UI.DataField">
                            <PropertyValue Property="Label" String="External Voyage"/>
                            <PropertyValue Property="Value" Path="VoyageID"/>
                        </Record>
                    </Collection>
                </Annotation>
            </Annotations>
            <Annotations Target="cds_ui_portcallanalysis.I_CSL_VesselIDVHType">
                <Annotation Term="UI.LineItem">
                    <Collection>
                        <Record Type="UI.DataField">
                            <PropertyValue Property="Label" String="Vessel ID"/>
                            <PropertyValue Property="Value" Path="CSLScheduleVesselID"/>
                        </Record>
                        <Record Type="UI.DataField">
                            <PropertyValue Property="Label" String="Vessel Name"/>
                            <PropertyValue Property="Value" Path="CSLScheduleVesselName"/>
                        </Record>
                    </Collection>
                </Annotation>
            </Annotations>
        </Schema>
    </edmx:DataServices>
</edmx:Edmx>