<?xml version="1.0" encoding="utf-8"?>
<edmx:Edmx Version="4.0" xmlns:edmx="http://docs.oasis-open.org/odata/ns/edmx">
    <edmx:Reference Uri="../../catalogservice;v=2/Vocabularies(TechnicalName='%2FIWBEP%2FVOC_COMMON',Version='0001',SAP__Origin='LOCAL')/$value">
        <edmx:Include Namespace="com.sap.vocabularies.Common.v1" Alias="Common"/>
    </edmx:Reference>
    <edmx:Reference Uri="../../catalogservice;v=2/Vocabularies(TechnicalName='%2FIWBEP%2FVOC_UI',Version='0001',SAP__Origin='LOCAL')/$value">
        <edmx:Include Namespace="com.sap.vocabularies.UI.v1" Alias="UI"/>
    </edmx:Reference>
    <edmx:Reference Uri="../../catalogservice;v=2/Vocabularies(TechnicalName='%2FIWBEP%2FVOC_COMMUNICATION',Version='0001',SAP__Origin='LOCAL')/$value">
        <edmx:Include Namespace="com.sap.vocabularies.Communication.v1" Alias="Communication"/>
    </edmx:Reference>
    <edmx:Reference Uri="../../catalogservice;v=2/Vocabularies(TechnicalName='%2FIWBEP%2FVOC_PERSONALDATA',Version='0001',SAP__Origin='LOCAL')/$value">
        <edmx:Include Namespace="com.sap.vocabularies.PersonalData.v1" Alias="PersonalData"/>
    </edmx:Reference>
    <edmx:Reference Uri="../../catalogservice;v=2/Vocabularies(TechnicalName='%2FIWBEP%2FVOC_VALIDATION',Version='0001',SAP__Origin='LOCAL')/$value">
        <edmx:Include Namespace="Org.OData.Validation.V1" Alias="Validation"/>
    </edmx:Reference>
    <edmx:Reference Uri="../../catalogservice;v=2/Vocabularies(TechnicalName='%2FIWBEP%2FVOC_ANALYTICS',Version='0001',SAP__Origin='LOCAL')/$value">
        <edmx:Include Namespace="com.sap.vocabularies.Analytics.v1" Alias="Analytics"/>
    </edmx:Reference>
    <edmx:Reference Uri="../../catalogservice;v=2/Vocabularies(TechnicalName='%2FIWBEP%2FVOC_HTML5',Version='0001',SAP__Origin='LOCAL')/$value">
        <edmx:Include Namespace="com.sap.vocabularies.HTML5.v1" Alias="HTML5"/>
    </edmx:Reference>
    <edmx:Reference Uri="../../../sap/c_cslportcallcarrierlists_cds/$metadata">
        <edmx:Include Namespace="C_CSLPORTCALLCARRIERLISTS_CDS" Alias="SAP"/>
    </edmx:Reference>
    <edmx:DataServices>
        <Schema Namespace="c_cslportcallcarrierlists_cd_van.v1" xmlns="http://docs.oasis-open.org/odata/ns/edm">
            <Annotations Target="C_CSLPORTCALLCARRIERLISTS_CDS.C_CSLPORTCALLCARRIERLISTSType/PortCallKey">
                <Annotation Term="UI.Hidden"/>
            </Annotations>
            <Annotations Target="C_CSLPORTCALLCARRIERLISTS_CDS.C_CSLPORTCALLCARRIERLISTSType/ScheduleUUID">
                <Annotation Term="UI.Hidden"/>
            </Annotations>
            <Annotations Target="C_CSLPORTCALLCARRIERLISTS_CDS.C_CSLPORTCALLCARRIERLISTSType/CargoGroup">
                <Annotation Term="UI.Hidden"/>
            </Annotations>
            <Annotations Target="C_CSLPORTCALLCARRIERLISTS_CDS.C_CSLPORTCALLCARRIERLISTSType/SortOrder">
                <Annotation Term="UI.Hidden"/>
            </Annotations>
            <Annotations Target="C_CSLPORTCALLCARRIERLISTS_CDS.C_CSLPORTCALLCARRIERLISTSType/CutReason">
                <Annotation Term="UI.Hidden"/>
            </Annotations>
            <Annotations Target="C_CSLPORTCALLCARRIERLISTS_CDS.C_CSLPORTCALLCARRIERLISTSType/Criticality">
                <Annotation Term="UI.Hidden"/>
            </Annotations>
            <Annotations Target="C_CSLPORTCALLCARRIERLISTS_CDS.C_CSLPORTCALLCARRIERLISTSType/ID">
                <Annotation Term="UI.Hidden"/>
            </Annotations>
            <Annotations Target="C_CSLPORTCALLCARRIERLISTS_CDS.C_CSLPORTCALLCARRIERLISTSType/TotaledProperties">
                <Annotation Term="UI.Hidden"/>
            </Annotations>
            <Annotations Target="C_CSLPORTCALLCARRIERLISTS_CDS.C_CSLPORTCALLCARRIERLISTSType/NumberofContainers"/>
            <Annotations Target="C_CSLPORTCALLCARRIERLISTS_CDS.C_CSLPORTCALLCARRIERLISTSType">
                <Annotation Term="UI.DataPoint" Qualifier="Status">
                    <Record>
                        <PropertyValue Property="Value" Path="Status"/>
                        <PropertyValue Property="Title" String="Cargo Status"/>
                        <PropertyValue Property="Criticality" Path="Criticality"/>
                    </Record>
                </Annotation>
                <Annotation Term="UI.SelectionFields">
                    <Collection>
                        <PropertyPath>PortCallID</PropertyPath>
                        <PropertyPath>PortID</PropertyPath>
                        <PropertyPath>TerminalID</PropertyPath>
                        <PropertyPath>Vessel</PropertyPath>
                        <PropertyPath>VoyageID</PropertyPath>
                        <PropertyPath>LineID</PropertyPath>
                        <PropertyPath>VesselOperatorID</PropertyPath>
                        <PropertyPath>ArrivalDate</PropertyPath>
                        <PropertyPath>CalendarYear</PropertyPath>
                    </Collection>
                </Annotation>
            </Annotations>
        </Schema>
    </edmx:DataServices>
</edmx:Edmx>