<edmx:Edmx xmlns:edmx="http://docs.oasis-open.org/odata/ns/edmx" Version="4.0">
    <edmx:Reference Uri="/sap/opu/odata/IWFND/CATALOGSERVICE;v=2/Vocabularies(TechnicalName='%2FIWBEP%2FVOC_UI',Version='0001',SAP__Origin='LOCAL')/$value">
        <edmx:Include Namespace="com.sap.vocabularies.UI.v1" Alias="UI"/>
    </edmx:Reference>
    <edmx:Reference Uri="/sap/opu/odata/sap/C_CSLPORTCALLCARRIERLISTS_CDS/$metadata">
        <edmx:Include Namespace="C_CSLPORTCALLCARRIERLISTS_CDS" Alias="SAP"/>
    </edmx:Reference>
    <edmx:DataServices>
        <Schema xmlns="http://docs.oasis-open.org/odata/ns/edm" Namespace="local1">
            <Annotations Target="SAP.C_CSLPORTCALLCARRIERLISTSType">
<!--Carrier Cargo Moves Quarterly-->
				<Annotation Term="UI.KPI" Qualifier="CarrierCargoQuarterly">
					<Record Type="UI.KPIType">
						<PropertyValue Property="ID" String="CarrierCargoQuarterly"/>
				 <PropertyValue Property="DataPoint">
                    <Record Type="UI.DataPointType">
                        <PropertyValue Property="Value" Path="NumberofContainers"/>	
                    </Record>						
					</PropertyValue>			
						<PropertyValue Property="Detail">
							<Record Type="UI.KPIDetailType">
								<PropertyValue Property="DefaultPresentationVariant">
									<Record Type="UI.PresentationVariantType">
										<PropertyValue Property="Visualizations">
											<Collection>
												<AnnotationPath>@UI.Chart#CarrierCargoQuarterly</AnnotationPath>
											</Collection>
										</PropertyValue>
										<PropertyValue Property="SortOrder">
											<Collection>
												<Record Type="com.sap.vocabularies.Common.v1.SortOrderType">
													<PropertyValue Property="Property" PropertyPath="CalendarYQ"/>
													<PropertyValue Property="Descending" Bool="false"/>
												</Record>
											</Collection>	
											<Collection>
												<Record Type="com.sap.vocabularies.Common.v1.SortOrderType">
													<PropertyValue Property="Property" PropertyPath="SortOrder"/>
													<PropertyValue Property="Descending" Bool="false"/>
												</Record>
											</Collection>                                            										
										</PropertyValue>										
									</Record>
								</PropertyValue>
							</Record>
						</PropertyValue>						
					</Record>
				</Annotation>

<Annotation Term="UI.Chart" Qualifier="CarrierCargoQuarterly">
	                                  <Record Type="UI.ChartDefinitionType">
	                                         <PropertyValue Property="ChartType" EnumMember="UI.ChartType/ColumnStacked"/>
											 <PropertyValue Property="Title" String="{@i18n>carrierCargoPerQuarter}"/>
	                                         <PropertyValue Property="Measures">
	                                                <Collection>
	                                                       <PropertyPath>NumberofContainers</PropertyPath>
	                                                </Collection>
	                                         </PropertyValue>
	                                         <PropertyValue Property="MeasureAttributes">
	                                                <Collection>
	                                                       <Record Type="UI.ChartMeasureAttributeType">
	                                                              <PropertyValue Property="Measure" PropertyPath="NumberofContainers"/>
	                                                              <PropertyValue Property="Role" EnumMember="UI.ChartMeasureRoleType/Axis1"/>
	                                                       </Record>
	                                                </Collection>
	                                         </PropertyValue>
	                                         <PropertyValue Property="Dimensions">
	                                                <Collection>
                                                           <PropertyPath>CalendarYQ</PropertyPath> 	                                                      												
													       <PropertyPath>CargoGroup</PropertyPath>  
														   <PropertyPath>Status</PropertyPath>                                       
	                                                </Collection>
	                                         </PropertyValue>
	                                         <PropertyValue Property="DimensionAttributes">	
	                                                <Collection>
	                                                       <Record Type="UI.ChartDimensionAttributeType">
	                                                              <PropertyValue Property="Dimension" PropertyPath="CalendarYQ"/>
	                                                              <PropertyValue Property="Role" EnumMember="UI.ChartDimensionRoleType/Category"/>
	                                                       </Record>
	                                                </Collection>                                             									 
	                                                <Collection>
	                                                       <Record Type="UI.ChartDimensionAttributeType">
	                                                              <PropertyValue Property="Dimension" PropertyPath="CargoGroup"/>
	                                                              <PropertyValue Property="Role" EnumMember="UI.ChartDimensionRoleType/Category"/>
	                                                       </Record>
	                                                </Collection>											 											
	                                                <Collection>
	                                                       <Record Type="UI.ChartDimensionAttributeType">
	                                                              <PropertyValue Property="Dimension" PropertyPath="Status"/>
	                                                              <PropertyValue Property="Role" EnumMember="UI.ChartDimensionRoleType/Series"/>
	                                                       </Record>
	                                                </Collection>
	                                                <Collection>
	                                                       <Record Type="UI.ChartDimensionAttributeType">
	                                                              <PropertyValue Property="Dimension" PropertyPath="Criticality"/>
	                                                              <PropertyValue Property="Role" EnumMember="UI.ChartDimensionRoleType/Series"/>
	                                                       </Record>
	                                                </Collection>													
	                                         </PropertyValue>
	                                  </Record>
	                           </Annotation>	

    <Annotation Term="UI.Identification" Qualifier="CarrierCargoQuarterly">
            <Collection>
                <Record Type="UI.DataFieldForIntentBasedNavigation">
                    <PropertyValue Property="SemanticObject" String="UI_PORTCALLANALYSIS"/>
                    <PropertyValue Property="Action" String="display"/>
					<PropertyValue Property="RequiresContext" Bool="false"/>
                </Record>
            </Collection>
        </Annotation>							   

<!--Carrier Cargo Moves by Port-->						   															   
<Annotation Term="UI.Chart" Qualifier="CarrierCargobyPort">
	                                  <Record Type="UI.ChartDefinitionType">
	                                         <PropertyValue Property="ChartType" EnumMember="UI.ChartType/ColumnStacked"/>
											 <PropertyValue Property="Title" String="{@i18n>carrierCargoPerPort}"/>
	                                         <PropertyValue Property="Measures">
	                                                <Collection>
	                                                       <PropertyPath>NumberofContainers</PropertyPath>
	                                                </Collection>
	                                         </PropertyValue>
	                                         <PropertyValue Property="MeasureAttributes">
	                                                <Collection>
	                                                       <Record Type="UI.ChartMeasureAttributeType">
	                                                              <PropertyValue Property="Measure" PropertyPath="NumberofContainers"/>
	                                                              <PropertyValue Property="Role" EnumMember="UI.ChartMeasureRoleType/Axis1"/>
	                                                       </Record>
	                                                </Collection>												
	                                         </PropertyValue>
	                                         <PropertyValue Property="Dimensions">
	                                                <Collection>
	                                                       <PropertyPath>PortName</PropertyPath>
														   <PropertyPath>CargoGroup</PropertyPath>
	                                                       <PropertyPath>Status</PropertyPath>	                                                    
	                                                </Collection>
	                                         </PropertyValue>
	                                         <PropertyValue Property="DimensionAttributes">
	                                                <Collection>
	                                                       <Record Type="UI.ChartDimensionAttributeType">
	                                                              <PropertyValue Property="Dimension" PropertyPath="PortName"/>
	                                                              <PropertyValue Property="Role" EnumMember="UI.ChartDimensionRoleType/Category"/>
	                                                       </Record>
	                                                </Collection>
	                                                <Collection>
	                                                       <Record Type="UI.ChartDimensionAttributeType">
	                                                              <PropertyValue Property="Dimension" PropertyPath="CargoGroup"/>
	                                                              <PropertyValue Property="Role" EnumMember="UI.ChartDimensionRoleType/Category"/>
	                                                       </Record>
	                                                </Collection>

	                                                <Collection>
	                                                       <Record Type="UI.ChartDimensionAttributeType">
	                                                              <PropertyValue Property="Dimension" PropertyPath="Status"/>
	                                                              <PropertyValue Property="Role" EnumMember="UI.ChartDimensionRoleType/Series"/>
	                                                       </Record>
	                                                </Collection>
	                                                <Collection>
	                                                       <Record Type="UI.ChartDimensionAttributeType">
	                                                              <PropertyValue Property="Dimension" PropertyPath="Criticality"/>
	                                                              <PropertyValue Property="Role" EnumMember="UI.ChartDimensionRoleType/Series"/>
	                                                       </Record>
	                                                </Collection>																									
	                                         </PropertyValue>
	                                  </Record>
	                           </Annotation>

				<Annotation Term="UI.KPI" Qualifier="CarrierCargobyPort">
					<Record Type="UI.KPIType">
						<PropertyValue Property="ID" String="CarrierCargobyPort"/>					
				 <PropertyValue Property="DataPoint">
                    <Record Type="UI.DataPointType">
                        <PropertyValue Property="Value" Path="NumberofContainers"/>
                    </Record>						
					</PropertyValue>			
						<PropertyValue Property="Detail">
							<Record Type="UI.KPIDetailType">
								<PropertyValue Property="DefaultPresentationVariant">
									<Record Type="UI.PresentationVariantType">
										<PropertyValue Property="Visualizations">
											<Collection>
												<AnnotationPath>@UI.Chart#CarrierCargobyPort</AnnotationPath>
											</Collection>
										</PropertyValue>
										<PropertyValue Property="SortOrder">
											<Collection>
												<Record Type="com.sap.vocabularies.Common.v1.SortOrderType">
													<PropertyValue Property="Property" PropertyPath="PortID"/>
													<PropertyValue Property="Descending" Bool="false"/>
												</Record>
											</Collection>
											<Collection>
												<Record Type="com.sap.vocabularies.Common.v1.SortOrderType">
													<PropertyValue Property="Property" PropertyPath="SortOrder"/>
													<PropertyValue Property="Descending" Bool="false"/>
												</Record>
											</Collection>											
										</PropertyValue>										
									</Record>
								</PropertyValue>
							</Record>
						</PropertyValue>						
					</Record>
				</Annotation>											   

    <Annotation Term="UI.Identification" Qualifier="CarrierCargobyPort">
            <Collection>
                <Record Type="UI.DataFieldForIntentBasedNavigation">
                    <PropertyValue Property="SemanticObject" String="UI_PORTCALLANALYSIS"/>
                    <PropertyValue Property="Action" String="display"/>
					<PropertyValue Property="RequiresContext" Bool="false"/>
                </Record>
            </Collection>
        </Annotation>
		
<!--Carrier Cargo Cut Quarterly-->	
<Annotation Term="UI.Chart" Qualifier="CarrierCutbyQuarter">
	                                  <Record Type="UI.ChartDefinitionType">
	                                         <PropertyValue Property="ChartType" EnumMember="UI.ChartType/ColumnStacked"/>
											 <PropertyValue Property="Title" String="{@i18n>cutCarrierCargoPer}"/>
	                                         <PropertyValue Property="Measures">
	                                                <Collection>
	                                                       <PropertyPath>NumberofContainers</PropertyPath>
	                                                </Collection>
	                                         </PropertyValue>
	                                         <PropertyValue Property="MeasureAttributes">
	                                                <Collection>
	                                                       <Record Type="UI.ChartMeasureAttributeType">
	                                                              <PropertyValue Property="Measure" PropertyPath="NumberofContainers"/>
	                                                              <PropertyValue Property="Role" EnumMember="UI.ChartMeasureRoleType/Axis1"/>
	                                                       </Record>
	                                                </Collection>
	                                         </PropertyValue>
	                                         <PropertyValue Property="Dimensions">
	                                                <Collection>
	                                                       <PropertyPath>Reason</PropertyPath>
														   <PropertyPath>Status</PropertyPath>
												           <PropertyPath>CalendarYQ</PropertyPath>   														   
	                                                       <PropertyPath>ResponsibleParty</PropertyPath>              
	                                                </Collection>
	                                         </PropertyValue>
	                                         <PropertyValue Property="DimensionAttributes">
	                                                <Collection>
	                                                       <Record Type="UI.ChartDimensionAttributeType">
	                                                              <PropertyValue Property="Dimension" PropertyPath="CalendarYQ"/>
	                                                              <PropertyValue Property="Role" EnumMember="UI.ChartDimensionRoleType/Category"/>
	                                                       </Record>
	                                                </Collection>											 
	                                                <Collection>
	                                                       <Record Type="UI.ChartDimensionAttributeType">
	                                                              <PropertyValue Property="Dimension" PropertyPath="ResponsibleParty"/>
	                                                              <PropertyValue Property="Role" EnumMember="UI.ChartDimensionRoleType/Category"/>
	                                                       </Record>
	                                                </Collection>																									
	                                                <Collection>
	                                                       <Record Type="UI.ChartDimensionAttributeType">
	                                                              <PropertyValue Property="Dimension" PropertyPath="Reason"/>
	                                                              <PropertyValue Property="Role" EnumMember="UI.ChartDimensionRoleType/Series"/>
	                                                       </Record>
	                                                </Collection>												
	                                         </PropertyValue>
	                                  </Record>
	                           </Annotation>

				<Annotation Term="UI.KPI" Qualifier="CarrierCutbyQuarter">
					<Record Type="UI.KPIType">
						<PropertyValue Property="ID" String="CarrierCutbyQuarter"/>
						<PropertyValue Property="SelectionVariant">
							<Record Type="UI.SelectionVariantType">
								<PropertyValue Property="SelectOptions">
									<Collection>
										<Record Type="UI.SelectOptionType">
											<PropertyValue Property="PropertyName" PropertyPath="ResponsibleParty"/>
											<PropertyValue Property="Ranges">
												<Collection>
													<Record Type="UI.SelectionRangeType">
														<PropertyValue Property="Sign" EnumMember="UI.SelectionRangeSignType/I"/>
														<PropertyValue Property="Option" EnumMember="UI.SelectionRangeOptionType/BT"/>
														<PropertyValue Property="Low" String="Carrier"/>
														<PropertyValue Property="High" String="Customer"/>
													</Record>
												</Collection>											
											</PropertyValue>
										</Record>
									</Collection>
								</PropertyValue>
							</Record>
						</PropertyValue>
						<PropertyValue Property="DataPoint">
                    <Record Type="UI.DataPointType">
                        <PropertyValue Property="Value" Path="NumberofContainers"/>					
                    </Record>	
					</PropertyValue>						
						<PropertyValue Property="Detail">
							<Record Type="UI.KPIDetailType">
								<PropertyValue Property="DefaultPresentationVariant">
									<Record Type="UI.PresentationVariantType">
										<PropertyValue Property="Visualizations">
											<Collection>
												<AnnotationPath>@UI.Chart#CarrierCutbyQuarter</AnnotationPath>
											</Collection>
										</PropertyValue>
									</Record>
								</PropertyValue>
							</Record>
						</PropertyValue>						
					</Record>
				</Annotation>	

    <Annotation Term="UI.Identification" Qualifier="CarrierCutbyQuarter">
            <Collection>
                <Record Type="UI.DataFieldForIntentBasedNavigation">
                    <PropertyValue Property="SemanticObject" String="UI_PORTCALLANALYSIS"/>
                    <PropertyValue Property="Action" String="display"/>
					<PropertyValue Property="RequiresContext" Bool="false"/>
                </Record>
            </Collection>
        </Annotation>	

<!--Carrier Cargo Cut Quarterly-->	
<Annotation Term="UI.Chart" Qualifier="CarrierCutbyPort">
	                                  <Record Type="UI.ChartDefinitionType">
	                                         <PropertyValue Property="ChartType" EnumMember="UI.ChartType/ColumnStacked"/>
											 <PropertyValue Property="Title" String="{@i18n>cutCarrierCargoPer1}"/>
	                                         <PropertyValue Property="Measures">
	                                                <Collection>
	                                                       <PropertyPath>NumberofContainers</PropertyPath>
	                                                </Collection>
	                                         </PropertyValue>
	                                         <PropertyValue Property="MeasureAttributes">
	                                                <Collection>
	                                                       <Record Type="UI.ChartMeasureAttributeType">
	                                                              <PropertyValue Property="Measure" PropertyPath="NumberofContainers"/>
	                                                              <PropertyValue Property="Role" EnumMember="UI.ChartMeasureRoleType/Axis1"/>
	                                                       </Record>
	                                                </Collection>
	                                         </PropertyValue>
	                                         <PropertyValue Property="Dimensions">
	                                                <Collection>
	                                                       <PropertyPath>Reason</PropertyPath>
												           <PropertyPath>PortID</PropertyPath>   														   
	                                                       <PropertyPath>ResponsibleParty</PropertyPath>              
	                                                </Collection>
	                                         </PropertyValue>
	                                         <PropertyValue Property="DimensionAttributes">
	                                                <Collection>
	                                                       <Record Type="UI.ChartDimensionAttributeType">
	                                                              <PropertyValue Property="Dimension" PropertyPath="PortID"/>
	                                                              <PropertyValue Property="Role" EnumMember="UI.ChartDimensionRoleType/Category"/>
	                                                       </Record>
	                                                </Collection>											 
	                                                <Collection>
	                                                       <Record Type="UI.ChartDimensionAttributeType">
	                                                              <PropertyValue Property="Dimension" PropertyPath="ResponsibleParty"/>
	                                                              <PropertyValue Property="Role" EnumMember="UI.ChartDimensionRoleType/Category"/>
	                                                       </Record>
	                                                </Collection>																									
	                                                <Collection>
	                                                       <Record Type="UI.ChartDimensionAttributeType">
	                                                              <PropertyValue Property="Dimension" PropertyPath="Reason"/>
	                                                              <PropertyValue Property="Role" EnumMember="UI.ChartDimensionRoleType/Series"/>
	                                                       </Record>
	                                                </Collection>
	                                         </PropertyValue>
	                                  </Record>
	                           </Annotation>

				<Annotation Term="UI.KPI" Qualifier="CarrierCutbyPort">
					<Record Type="UI.KPIType">
						<PropertyValue Property="ID" String="CarrierCutbyPort"/>
						<PropertyValue Property="SelectionVariant">
							<Record Type="UI.SelectionVariantType">
								<PropertyValue Property="SelectOptions">
									<Collection>
										<Record Type="UI.SelectOptionType">
											<PropertyValue Property="PropertyName" PropertyPath="ResponsibleParty"/>
											<PropertyValue Property="Ranges">
												<Collection>
													<Record Type="UI.SelectionRangeType">
														<PropertyValue Property="Sign" EnumMember="UI.SelectionRangeSignType/I"/>
														<PropertyValue Property="Option" EnumMember="UI.SelectionRangeOptionType/BT"/>
														<PropertyValue Property="Low" String="Carrier"/>
														<PropertyValue Property="High" String="Customer"/>
													</Record>
												</Collection>											
											</PropertyValue>
										</Record>
									</Collection>
								</PropertyValue>
							</Record>
						</PropertyValue>
						<PropertyValue Property="DataPoint">
                    <Record Type="UI.DataPointType">
                        <PropertyValue Property="Value" Path="NumberofContainers"/>					
                    </Record>	
					</PropertyValue>						
						<PropertyValue Property="Detail">
							<Record Type="UI.KPIDetailType">
								<PropertyValue Property="DefaultPresentationVariant">
									<Record Type="UI.PresentationVariantType">
										<PropertyValue Property="Visualizations">
											<Collection>
												<AnnotationPath>@UI.Chart#CarrierCutbyPort</AnnotationPath>
											</Collection>
										</PropertyValue>
									</Record>
								</PropertyValue>
							</Record>
						</PropertyValue>						
					</Record>
				</Annotation>	

    <Annotation Term="UI.Identification" Qualifier="CarrierCutbyPort">
            <Collection>
                <Record Type="UI.DataFieldForIntentBasedNavigation">
                    <PropertyValue Property="SemanticObject" String="UI_PORTCALLANALYSIS"/>
                    <PropertyValue Property="Action" String="display"/>
					<PropertyValue Property="RequiresContext" Bool="false"/>
                </Record>
            </Collection>
        </Annotation>
            </Annotations>
        </Schema>
    </edmx:DataServices>
</edmx:Edmx>