<edmx:Edmx xmlns:edmx="http://docs.oasis-open.org/odata/ns/edmx" Version="4.0">
    <edmx:Reference Uri="/sap/opu/odata/IWFND/CATALOGSERVICE;v=2/Vocabularies(TechnicalName='%2FIWBEP%2FVOC_UI',Version='0001',SAP__Origin='LOCAL')/$value">
        <edmx:Include Namespace="com.sap.vocabularies.UI.v1" Alias="UI"/>
    </edmx:Reference>
    <edmx:Reference Uri="/sap/opu/odata/sap/C_CSLPORTCALLPARTNERQUERY_CDS/$metadata">
        <edmx:Include Namespace="C_CSLPORTCALLPARTNERQUERY_CDS" Alias="SAP"/>
    </edmx:Reference>
    <edmx:DataServices>
        <Schema xmlns="http://docs.oasis-open.org/odata/ns/edm" Namespace="local2">
            <Annotations Target="SAP.C_CSLPORTCALLPARTNERLISTSQUERYType">
<!--Partner Cargo Moves Quarterly-->
				<Annotation Term="UI.KPI" Qualifier="PartnerMovesQuarterly">
					<Record Type="UI.KPIType">
						<PropertyValue Property="ID" String="PartnerMovesQuarterly"/>
				 <PropertyValue Property="DataPoint">
                    <Record Type="UI.DataPointType">
					<PropertyValue String="{@i18n>quarterlyPartnerCargo}" Property="Title"/>
                        <PropertyValue Property="Value" Path="NumberofContainers"/>					
                    </Record>						
					</PropertyValue>			
						<PropertyValue Property="Detail">
							<Record Type="UI.KPIDetailType">
								<PropertyValue Property="DefaultPresentationVariant">
									<Record Type="UI.PresentationVariantType">
										<PropertyValue Property="Visualizations">
											<Collection>
												<AnnotationPath>@UI.Chart#PartnerMovesQuarterly</AnnotationPath>
											</Collection>
										</PropertyValue>
										<PropertyValue Property="SortOrder">
											<Collection>
												<Record Type="com.sap.vocabularies.Common.v1.SortOrderType">
													<PropertyValue Property="Property" PropertyPath="CalendarYQ"/>
													<PropertyValue Property="Descending" Bool="false"/>
												</Record>
											</Collection>	
											<Collection>
												<Record Type="com.sap.vocabularies.Common.v1.SortOrderType">
													<PropertyValue Property="Property" PropertyPath="SortOrder"/>
													<PropertyValue Property="Descending" Bool="false"/>
												</Record>
											</Collection>                                            										
										</PropertyValue>										
									</Record>
								</PropertyValue>
							</Record>
						</PropertyValue>						
					</Record>
				</Annotation>

<Annotation Term="UI.Chart" Qualifier="PartnerMovesQuarterly">
	                                  <Record Type="UI.ChartDefinitionType">
	                                         <PropertyValue Property="ChartType" EnumMember="UI.ChartType/ColumnStacked"/>
											 <PropertyValue Property="Title" String="{@i18n>partnerCargoPerQuarter}"/>
	                                         <PropertyValue Property="Measures">
	                                                <Collection>
	                                                       <PropertyPath>NumberofContainers</PropertyPath>
	                                                </Collection>
	                                         </PropertyValue>
	                                         <PropertyValue Property="MeasureAttributes">
	                                                <Collection>
	                                                       <Record Type="UI.ChartMeasureAttributeType">
	                                                              <PropertyValue Property="Measure" PropertyPath="NumberofContainers"/>
	                                                              <PropertyValue Property="Role" EnumMember="UI.ChartMeasureRoleType/Axis1"/>
	                                                       </Record>
	                                                </Collection>
	                                         </PropertyValue>
	                                         <PropertyValue Property="Dimensions">
	                                                <Collection>
                                                           <PropertyPath>CalendarYQ</PropertyPath> 	                                                      												
													       <PropertyPath>CargoGroup</PropertyPath>  
														   <PropertyPath>Status</PropertyPath>                                       
	                                                </Collection>
	                                         </PropertyValue>
	                                         <PropertyValue Property="DimensionAttributes">	
	                                                <Collection>
	                                                       <Record Type="UI.ChartDimensionAttributeType">
	                                                              <PropertyValue Property="Dimension" PropertyPath="CalendarYQ"/>
	                                                              <PropertyValue Property="Role" EnumMember="UI.ChartDimensionRoleType/Category"/>
	                                                       </Record>
	                                                </Collection>                                             									 
	                                                <Collection>
	                                                       <Record Type="UI.ChartDimensionAttributeType">
	                                                              <PropertyValue Property="Dimension" PropertyPath="CargoGroup"/>
	                                                              <PropertyValue Property="Role" EnumMember="UI.ChartDimensionRoleType/Category"/>
	                                                       </Record>
	                                                </Collection>											 											
	                                                <Collection>
	                                                       <Record Type="UI.ChartDimensionAttributeType">
	                                                              <PropertyValue Property="Dimension" PropertyPath="Status"/>
	                                                              <PropertyValue Property="Role" EnumMember="UI.ChartDimensionRoleType/Series"/>
	                                                       </Record>
	                                                </Collection>
	                                                <Collection>
	                                                       <Record Type="UI.ChartDimensionAttributeType">
	                                                              <PropertyValue Property="Dimension" PropertyPath="Criticality"/>
	                                                              <PropertyValue Property="Role" EnumMember="UI.ChartDimensionRoleType/Series"/>
	                                                       </Record>
	                                                </Collection>													
	                                         </PropertyValue>
	                                  </Record>
	                           </Annotation>	

    <Annotation Term="UI.Identification" Qualifier="PartnerMovesQuarterly">
            <Collection>
                <Record Type="UI.DataFieldForIntentBasedNavigation">
                    <PropertyValue Property="SemanticObject" String="UI_PORTCALLANALYSIS"/>
                    <PropertyValue Property="Action" String="Partner"/>
					<PropertyValue Property="RequiresContext" Bool="false"/>
                </Record>
            </Collection>
        </Annotation>							   

<!--Carrier Cargo Moves by Port-->
				<Annotation Term="UI.KPI" Qualifier="PartnerMovesbyPort">
					<Record Type="UI.KPIType">
						<PropertyValue Property="ID" String="PartnerMovesbyPort"/>
				 <PropertyValue Property="DataPoint">
                    <Record Type="UI.DataPointType">
					<PropertyValue String="{@i18n>partnerCargoByPort}" Property="Title"/>
                        <PropertyValue Property="Value" Path="NumberofContainers"/>					
                    </Record>						
					</PropertyValue>			
						<PropertyValue Property="Detail">
							<Record Type="UI.KPIDetailType">
								<PropertyValue Property="DefaultPresentationVariant">
									<Record Type="UI.PresentationVariantType">
										<!--<PropertyValue Property="MaxItems" Int="50"/>-->
										<PropertyValue Property="Visualizations">
											<Collection>
												<AnnotationPath>@UI.Chart#PartnerMovesbyPort</AnnotationPath>
											</Collection>
										</PropertyValue>
										<PropertyValue Property="SortOrder">
											<Collection>
												<Record Type="com.sap.vocabularies.Common.v1.SortOrderType">
													<PropertyValue Property="Property" PropertyPath="PortID"/>
													<PropertyValue Property="Descending" Bool="false"/>
												</Record>
											</Collection>
											<Collection>
												<Record Type="com.sap.vocabularies.Common.v1.SortOrderType">
													<PropertyValue Property="Property" PropertyPath="SortOrder"/>
													<PropertyValue Property="Descending" Bool="false"/>
												</Record>
											</Collection>											
										</PropertyValue>										
									</Record>
								</PropertyValue>
							</Record>
						</PropertyValue>						
					</Record>
				</Annotation>							   															   

<Annotation Term="UI.Chart" Qualifier="PartnerMovesbyPort">
	                                  <Record Type="UI.ChartDefinitionType">
	                                         <PropertyValue Property="ChartType" EnumMember="UI.ChartType/ColumnStacked"/>
											 <PropertyValue Property="Title" String="{@i18n>partnerCargoPerPort}"/>
	                                         <PropertyValue Property="Measures">
	                                                <Collection>
	                                                       <PropertyPath>NumberofContainers</PropertyPath>
	                                                </Collection>
	                                         </PropertyValue>
	                                         <PropertyValue Property="MeasureAttributes">
	                                                <Collection>
	                                                       <Record Type="UI.ChartMeasureAttributeType">
	                                                              <PropertyValue Property="Measure" PropertyPath="NumberofContainers"/>
	                                                              <PropertyValue Property="Role" EnumMember="UI.ChartMeasureRoleType/Axis1"/>
	                                                       </Record>
	                                                </Collection>												
	                                         </PropertyValue>
	                                         <PropertyValue Property="Dimensions">
	                                                <Collection>
	                                                       <PropertyPath>PortName</PropertyPath>
														   <PropertyPath>CargoGroup</PropertyPath>
	                                                       <PropertyPath>Status</PropertyPath>	                                                    
	                                                </Collection>
	                                         </PropertyValue>
	                                         <PropertyValue Property="DimensionAttributes">
	                                                <Collection>
	                                                       <Record Type="UI.ChartDimensionAttributeType">
	                                                              <PropertyValue Property="Dimension" PropertyPath="PortName"/>
	                                                              <PropertyValue Property="Role" EnumMember="UI.ChartDimensionRoleType/Category"/>
	                                                       </Record>
	                                                </Collection>
	                                                <Collection>
	                                                       <Record Type="UI.ChartDimensionAttributeType">
	                                                              <PropertyValue Property="Dimension" PropertyPath="CargoGroup"/>
	                                                              <PropertyValue Property="Role" EnumMember="UI.ChartDimensionRoleType/Category"/>
	                                                       </Record>
	                                                </Collection>

	                                                <Collection>
	                                                       <Record Type="UI.ChartDimensionAttributeType">
	                                                              <PropertyValue Property="Dimension" PropertyPath="Status"/>
	                                                              <PropertyValue Property="Role" EnumMember="UI.ChartDimensionRoleType/Series"/>
	                                                       </Record>
	                                                </Collection>
	                                                <Collection>
	                                                       <Record Type="UI.ChartDimensionAttributeType">
	                                                              <PropertyValue Property="Dimension" PropertyPath="Criticality"/>
	                                                              <PropertyValue Property="Role" EnumMember="UI.ChartDimensionRoleType/Series"/>
	                                                       </Record>
	                                                </Collection>														
	                                         </PropertyValue>
	                                  </Record>
	                           </Annotation>

    <Annotation Term="UI.Identification" Qualifier="PartnerMovesbyPort">
            <Collection>
                <Record Type="UI.DataFieldForIntentBasedNavigation">
                    <PropertyValue Property="SemanticObject" String="UI_PORTCALLANALYSIS"/>
                    <PropertyValue Property="Action" String="Partner"/>
					<PropertyValue Property="RequiresContext" Bool="false"/>
                </Record>
            </Collection>
        </Annotation>	
            </Annotations>
        </Schema>
    </edmx:DataServices>
</edmx:Edmx>