<edmx:Edmx xmlns:edmx="http://docs.oasis-open.org/odata/ns/edmx" Version="4.0">
    <edmx:Reference Uri="https://sap.github.io/odata-vocabularies/vocabularies/UI.xml">
        <edmx:Include Namespace="com.sap.vocabularies.UI.v1" Alias="UI"/>
    </edmx:Reference>
    <edmx:Reference Uri="/sap/opu/odata/sap/UI_PORTCALLANALYSIS/$metadata">
        <edmx:Include Namespace="cds_ui_portcallanalysis"/>
    </edmx:Reference>
    <edmx:DataServices>
        <Schema xmlns="http://docs.oasis-open.org/odata/ns/edm" Namespace="S4.tm.csl">
            <Annotations Target="cds_ui_portcallanalysis.C_CSLPortCallArrivalsType">
<!--Arriving and Ongoing Port Calls-->			
                <Annotation Term="UI.LineItem" Qualifier="PortArrival">
                    <Collection>
                        <Record Type="UI.DataField">
                            <PropertyValue Property="Value" Path="PortCall"/>
                            <PropertyValue Property="Label" String="{@i18n>portCall}"/>
                            <Annotation Term="UI.Importance" EnumMember="UI.ImportanceType/High"/>
                        </Record>
                        <Record Type="UI.DataField">
                            <PropertyValue Property="Value" Path="ArrivalDate"/>
                            <PropertyValue Property="Label" String="{@i18n>arrivalDate}"/>
                            <Annotation Term="UI.Importance" EnumMember="UI.ImportanceType/High"/>
                        </Record>                        
                        <Record Type="UI.DataField">
                            <PropertyValue Property="Value" Path="TerminalName"/>
                            <PropertyValue Property="Label" String="{@i18n>terminal}"/>
                            <Annotation Term="UI.Importance" EnumMember="UI.ImportanceType/High"/>
                        </Record>
                        <Record Type="UI.DataField">
                            <PropertyValue Property="Value" Path="Vessel"/>
                            <PropertyValue Property="Label" String="{@i18n>vesselId}"/>
                            <Annotation Term="UI.Importance" EnumMember="UI.ImportanceType/Low"/>
                        </Record>	
                        <Record Type="UI.DataField">
                            <PropertyValue Property="Value" Path="IMONumber"/>
                            <PropertyValue Property="Label" String="{@i18n>imoNumber}"/>
                            <Annotation Term="UI.Importance" EnumMember="UI.ImportanceType/High"/>
                        </Record>                          					
                    </Collection>
                </Annotation>

     <Annotation Term="UI.Identification" Qualifier="Arrivals">
            <Collection>
                <Record Type="UI.DataFieldForIntentBasedNavigation">
                    <PropertyValue Property="SemanticObject" String="UI_PORTCALLANALYSIS"/>
                    <PropertyValue Property="Action" String="Arrivals"/>
					<PropertyValue Property="RequiresContext" Bool="true"/>
                </Record>
            </Collection>
    </Annotation>                
            </Annotations>

    <Annotations Target="cds_ui_portcallanalysis.C_CSLMEASURECARRIERCARGOType">
<!--Carrier Cargo Moves Quarterly-->
				<Annotation Term="UI.KPI" Qualifier="CarrierCargoQuarterly">
					<Record Type="UI.KPIType">
						<PropertyValue Property="ID" String="CarrierCargoQuarterly"/>
				 <PropertyValue Property="DataPoint">
                    <Record Type="UI.DataPointType">
                        <PropertyValue Property="Value" Path="NumberofContainers"/>	
                    </Record>						
					</PropertyValue>			
						<PropertyValue Property="Detail">
							<Record Type="UI.KPIDetailType">
								<PropertyValue Property="DefaultPresentationVariant">
									<Record Type="UI.PresentationVariantType">
										<PropertyValue Property="Visualizations">
											<Collection>
												<AnnotationPath>@UI.Chart#CarrierCargoQuarterly</AnnotationPath>
											</Collection>
										</PropertyValue>
										<PropertyValue Property="SortOrder">
											<Collection>
												<Record Type="com.sap.vocabularies.Common.v1.SortOrderType">
													<PropertyValue Property="Property" PropertyPath="CalendarYQ"/>
													<PropertyValue Property="Descending" Bool="false"/>
												</Record>
											</Collection>	
											<Collection>
												<Record Type="com.sap.vocabularies.Common.v1.SortOrderType">
													<PropertyValue Property="Property" PropertyPath="SortOrder"/>
													<PropertyValue Property="Descending" Bool="false"/>
												</Record>
											</Collection>  
											<Collection>
												<Record Type="com.sap.vocabularies.Common.v1.SortOrderType">
													<PropertyValue Property="Property" PropertyPath="StatusOrdering"/>
													<PropertyValue Property="Descending" Bool="false"/>
												</Record>
											</Collection>											    											                                      										
										</PropertyValue>										
									</Record>
								</PropertyValue>
							</Record>
						</PropertyValue>						
					</Record>
				</Annotation>

<Annotation Term="UI.Chart" Qualifier="CarrierCargoQuarterly">
	                                  <Record Type="UI.ChartDefinitionType">
	                                         <PropertyValue Property="ChartType" EnumMember="UI.ChartType/ColumnStacked"/>
											 <PropertyValue Property="Title" String="{@i18n>carrierCargoPerQuarter}"/>
	                                         <PropertyValue Property="Measures">
	                                                <Collection>
	                                                       <PropertyPath>NumberofContainers</PropertyPath>
	                                                </Collection>
	                                         </PropertyValue>
	                                         <PropertyValue Property="MeasureAttributes">
	                                                <Collection>
	                                                       <Record Type="UI.ChartMeasureAttributeType">
	                                                              <PropertyValue Property="Measure" PropertyPath="NumberofContainers"/>
	                                                              <PropertyValue Property="Role" EnumMember="UI.ChartMeasureRoleType/Axis1"/>
	                                                       </Record>
	                                                </Collection>
	                                         </PropertyValue>
	                                         <PropertyValue Property="Dimensions">
	                                                <Collection>
                                                           <PropertyPath>CalendarYQ</PropertyPath> 	                                                      												
													       <PropertyPath>CargoGroup</PropertyPath>  
														   <PropertyPath>Status</PropertyPath>                                       
	                                                </Collection>
	                                         </PropertyValue>
	                                         <PropertyValue Property="DimensionAttributes">	
	                                                <Collection>
	                                                       <Record Type="UI.ChartDimensionAttributeType">
	                                                              <PropertyValue Property="Dimension" PropertyPath="CalendarYQ"/>
	                                                              <PropertyValue Property="Role" EnumMember="UI.ChartDimensionRoleType/Category"/>
	                                                       </Record>
	                                                </Collection>                                             									 
	                                                <Collection>
	                                                       <Record Type="UI.ChartDimensionAttributeType">
	                                                              <PropertyValue Property="Dimension" PropertyPath="CargoGroup"/>
	                                                              <PropertyValue Property="Role" EnumMember="UI.ChartDimensionRoleType/Category"/>
	                                                       </Record>
	                                                </Collection>											 											
	                                                <Collection>
	                                                       <Record Type="UI.ChartDimensionAttributeType">
	                                                              <PropertyValue Property="Dimension" PropertyPath="Status"/>
	                                                              <PropertyValue Property="Role" EnumMember="UI.ChartDimensionRoleType/Series"/>
	                                                       </Record>
	                                                </Collection>
	                                                <Collection>
	                                                       <Record Type="UI.ChartDimensionAttributeType">
	                                                              <PropertyValue Property="Dimension" PropertyPath="Criticality"/>
	                                                              <PropertyValue Property="Role" EnumMember="UI.ChartDimensionRoleType/Series"/>
	                                                       </Record>
	                                                </Collection>													
	                                         </PropertyValue>
	                                  </Record>
	                           </Annotation>	

    <Annotation Term="UI.Identification" Qualifier="CarrierCargoQuarterly">
            <Collection>
                <Record Type="UI.DataFieldForIntentBasedNavigation">
                    <PropertyValue Property="SemanticObject" String="UI_PORTCALLANALYSIS"/>
                    <PropertyValue Property="Action" String="display"/>
					<PropertyValue Property="RequiresContext" Bool="true"/>
                </Record>
            </Collection>
        </Annotation>							   

<!--Carrier Cargo Moves by Port-->						   															   
<Annotation Term="UI.Chart" Qualifier="CarrierCargobyPort">
	                                  <Record Type="UI.ChartDefinitionType">
	                                         <PropertyValue Property="ChartType" EnumMember="UI.ChartType/ColumnStacked"/>
											 <PropertyValue Property="Title" String="{@i18n>carrierCargoPerPort}"/>
	                                         <PropertyValue Property="Measures">
	                                                <Collection>
	                                                       <PropertyPath>NumberofContainers</PropertyPath>
	                                                </Collection>
	                                         </PropertyValue>
	                                         <PropertyValue Property="MeasureAttributes">
	                                                <Collection>
	                                                       <Record Type="UI.ChartMeasureAttributeType">
	                                                              <PropertyValue Property="Measure" PropertyPath="NumberofContainers"/>
	                                                              <PropertyValue Property="Role" EnumMember="UI.ChartMeasureRoleType/Axis1"/>
	                                                       </Record>
	                                                </Collection>												
	                                         </PropertyValue>
	                                         <PropertyValue Property="Dimensions">
	                                                <Collection>
	                                                       <PropertyPath>PortName</PropertyPath>
														   <PropertyPath>CargoGroup</PropertyPath>
	                                                       <PropertyPath>Status</PropertyPath>	                                                    
	                                                </Collection>
	                                         </PropertyValue>
	                                         <PropertyValue Property="DimensionAttributes">
	                                                <Collection>
	                                                       <Record Type="UI.ChartDimensionAttributeType">
	                                                              <PropertyValue Property="Dimension" PropertyPath="PortName"/>
	                                                              <PropertyValue Property="Role" EnumMember="UI.ChartDimensionRoleType/Category"/>
	                                                       </Record>
	                                                </Collection>
	                                                <Collection>
	                                                       <Record Type="UI.ChartDimensionAttributeType">
	                                                              <PropertyValue Property="Dimension" PropertyPath="CargoGroup"/>
	                                                              <PropertyValue Property="Role" EnumMember="UI.ChartDimensionRoleType/Category"/>
	                                                       </Record>
	                                                </Collection>

	                                                <Collection>
	                                                       <Record Type="UI.ChartDimensionAttributeType">
	                                                              <PropertyValue Property="Dimension" PropertyPath="Status"/>
	                                                              <PropertyValue Property="Role" EnumMember="UI.ChartDimensionRoleType/Series"/>
	                                                       </Record>
	                                                </Collection>
	                                                <Collection>
	                                                       <Record Type="UI.ChartDimensionAttributeType">
	                                                              <PropertyValue Property="Dimension" PropertyPath="Criticality"/>
	                                                              <PropertyValue Property="Role" EnumMember="UI.ChartDimensionRoleType/Series"/>
	                                                       </Record>
	                                                </Collection>																									
	                                         </PropertyValue>
	                                  </Record>
	                           </Annotation>

				<Annotation Term="UI.KPI" Qualifier="CarrierCargobyPort">
					<Record Type="UI.KPIType">
						<PropertyValue Property="ID" String="CarrierCargobyPort"/>					
				 <PropertyValue Property="DataPoint">
                    <Record Type="UI.DataPointType">
                        <PropertyValue Property="Value" Path="NumberofContainers"/>
                    </Record>						
					</PropertyValue>			
						<PropertyValue Property="Detail">
							<Record Type="UI.KPIDetailType">
								<PropertyValue Property="DefaultPresentationVariant">
									<Record Type="UI.PresentationVariantType">
										<PropertyValue Property="Visualizations">
											<Collection>
												<AnnotationPath>@UI.Chart#CarrierCargobyPort</AnnotationPath>
											</Collection>
										</PropertyValue>
										<PropertyValue Property="SortOrder">
											<Collection>
												<Record Type="com.sap.vocabularies.Common.v1.SortOrderType">
													<PropertyValue Property="Property" PropertyPath="PortID"/>
													<PropertyValue Property="Descending" Bool="false"/>
												</Record>
											</Collection>
											<Collection>
												<Record Type="com.sap.vocabularies.Common.v1.SortOrderType">
													<PropertyValue Property="Property" PropertyPath="SortOrder"/>
													<PropertyValue Property="Descending" Bool="false"/>
												</Record>
											</Collection>											
										</PropertyValue>										
									</Record>
								</PropertyValue>
							</Record>
						</PropertyValue>						
					</Record>
				</Annotation>											   

    <Annotation Term="UI.Identification" Qualifier="CarrierCargobyPort">
            <Collection>
                <Record Type="UI.DataFieldForIntentBasedNavigation">
                    <PropertyValue Property="SemanticObject" String="UI_PORTCALLANALYSIS"/>
                    <PropertyValue Property="Action" String="display"/>
					<PropertyValue Property="RequiresContext" Bool="true"/>
                </Record>
            </Collection>
        </Annotation>	


<!--KPI for Customer Cuts for Port-->	
				<Annotation Term="UI.KPI" Qualifier="CarrierCutbyQuarter">
					<Record Type="UI.KPIType">
						<PropertyValue Property="ID" String="CarrierCutbyQuarter"/>
						<PropertyValue Property="SelectionVariant">
							<Record Type="UI.SelectionVariantType">
								<PropertyValue Property="SelectOptions">
									<Collection>
										<Record Type="UI.SelectOptionType">
											<PropertyValue Property="PropertyName" PropertyPath="ResponsibleParty"/>
											<PropertyValue Property="Ranges">
												<Collection>
													<Record Type="UI.SelectionRangeType">
														<PropertyValue Property="Sign" EnumMember="UI.SelectionRangeSignType/I"/>
														<PropertyValue Property="Option" EnumMember="UI.SelectionRangeOptionType/BT"/>
														<PropertyValue Property="Low" String="Carrier"/>
														<PropertyValue Property="High" String="Customer"/>
													</Record>
												</Collection>											
											</PropertyValue>
										</Record>
									</Collection>
								</PropertyValue>
							</Record>
						</PropertyValue>
						<PropertyValue Property="DataPoint">
                    <Record Type="UI.DataPointType">
                        <PropertyValue Property="Value" Path="NumberofContainers"/>					
                    </Record>	
					</PropertyValue>						
						<PropertyValue Property="Detail">
							<Record Type="UI.KPIDetailType">
								<PropertyValue Property="DefaultPresentationVariant">
									<Record Type="UI.PresentationVariantType">
										<PropertyValue Property="Visualizations">
											<Collection>
												<AnnotationPath>@UI.Chart#CarrierCutbyQuarter</AnnotationPath>
											</Collection>
										</PropertyValue>
									</Record>
								</PropertyValue>
							</Record>
						</PropertyValue>						
					</Record>
				</Annotation>

<!--Carrier Cargo Cut Quarterly-->	
<Annotation Term="UI.Chart" Qualifier="CarrierCutbyQuarter">
	                                  <Record Type="UI.ChartDefinitionType">
	                                         <PropertyValue Property="ChartType" EnumMember="UI.ChartType/ColumnStacked"/>
											 <PropertyValue Property="Title" String="{@i18n>cutCarrierCargoPer}"/>
	                                         <PropertyValue Property="Measures">
	                                                <Collection>
	                                                       <PropertyPath>NumberofContainers</PropertyPath>
	                                                </Collection>
	                                         </PropertyValue>
	                                         <PropertyValue Property="MeasureAttributes">
	                                                <Collection>
	                                                       <Record Type="UI.ChartMeasureAttributeType">
	                                                              <PropertyValue Property="Measure" PropertyPath="NumberofContainers"/>
	                                                              <PropertyValue Property="Role" EnumMember="UI.ChartMeasureRoleType/Axis1"/>
	                                                       </Record>
	                                                </Collection>
	                                         </PropertyValue>
	                                         <PropertyValue Property="Dimensions">
	                                                <Collection>
	                                                       <PropertyPath>Reason</PropertyPath>
														   <PropertyPath>Status</PropertyPath>
												           <PropertyPath>CalendarYQ</PropertyPath>   														   
	                                                       <PropertyPath>ResponsibleParty</PropertyPath>              
	                                                </Collection>
	                                         </PropertyValue>
	                                         <PropertyValue Property="DimensionAttributes">
	                                                <Collection>
	                                                       <Record Type="UI.ChartDimensionAttributeType">
	                                                              <PropertyValue Property="Dimension" PropertyPath="CalendarYQ"/>
	                                                              <PropertyValue Property="Role" EnumMember="UI.ChartDimensionRoleType/Category"/>
	                                                       </Record>
	                                                </Collection>											 
	                                                <Collection>
	                                                       <Record Type="UI.ChartDimensionAttributeType">
	                                                              <PropertyValue Property="Dimension" PropertyPath="ResponsibleParty"/>
	                                                              <PropertyValue Property="Role" EnumMember="UI.ChartDimensionRoleType/Category"/>
	                                                       </Record>
	                                                </Collection>																									
	                                                <Collection>
	                                                       <Record Type="UI.ChartDimensionAttributeType">
	                                                              <PropertyValue Property="Dimension" PropertyPath="Reason"/>
	                                                              <PropertyValue Property="Role" EnumMember="UI.ChartDimensionRoleType/Series"/>
	                                                       </Record>
	                                                </Collection>												
	                                         </PropertyValue>
	                                  </Record>
	                           </Annotation>

    <Annotation Term="UI.Identification" Qualifier="CarrierCutbyQuarter">
            <Collection>
                <Record Type="UI.DataFieldForIntentBasedNavigation">
                    <PropertyValue Property="SemanticObject" String="UI_PORTCALLANALYSIS"/>
                    <PropertyValue Property="Action" String="display"/>
					<PropertyValue Property="RequiresContext" Bool="true"/>
                </Record>		
            </Collection>
        </Annotation>	

<!--KPI for Customer Cuts for Port-->
				<Annotation Term="UI.KPI" Qualifier="CarrierCutbyPort">
					<Record Type="UI.KPIType">
						<PropertyValue Property="ID" String="CarrierCutbyPort"/>
						<PropertyValue Property="SelectionVariant">
							<Record Type="UI.SelectionVariantType">
								<PropertyValue Property="SelectOptions">
									<Collection>
										<Record Type="UI.SelectOptionType">
											<PropertyValue Property="PropertyName" PropertyPath="ResponsibleParty"/>
											<PropertyValue Property="Ranges">
												<Collection>
													<Record Type="UI.SelectionRangeType">
														<PropertyValue Property="Sign" EnumMember="UI.SelectionRangeSignType/I"/>
														<PropertyValue Property="Option" EnumMember="UI.SelectionRangeOptionType/BT"/>
														<PropertyValue Property="Low" String="Carrier"/>
														<PropertyValue Property="High" String="Customer"/>
													</Record>
												</Collection>											
											</PropertyValue>
										</Record>
									</Collection>
								</PropertyValue>
							</Record>
						</PropertyValue>
						<PropertyValue Property="DataPoint">
                    <Record Type="UI.DataPointType">
                        <PropertyValue Property="Value" Path="NumberofContainers"/>					
                    </Record>	
					</PropertyValue>						
						<PropertyValue Property="Detail">
							<Record Type="UI.KPIDetailType">
								<PropertyValue Property="DefaultPresentationVariant">
									<Record Type="UI.PresentationVariantType">
										<PropertyValue Property="Visualizations">
											<Collection>
												<AnnotationPath>@UI.Chart#CarrierCutbyPort</AnnotationPath>
											</Collection>
										</PropertyValue>
									</Record>
								</PropertyValue>
							</Record>
						</PropertyValue>						
					</Record>
				</Annotation>		

<!--Carrier Cargo Cut Portwise-->	
<Annotation Term="UI.Chart" Qualifier="CarrierCutbyPort">
	                                  <Record Type="UI.ChartDefinitionType">
	                                         <PropertyValue Property="ChartType" EnumMember="UI.ChartType/ColumnStacked"/>
											 <PropertyValue Property="Title" String="{@i18n>cutCarrierCargoPer1}"/>
	                                         <PropertyValue Property="Measures">
	                                                <Collection>
	                                                       <PropertyPath>NumberofContainers</PropertyPath>
	                                                </Collection>
	                                         </PropertyValue>
	                                         <PropertyValue Property="MeasureAttributes">
	                                                <Collection>
	                                                       <Record Type="UI.ChartMeasureAttributeType">
	                                                              <PropertyValue Property="Measure" PropertyPath="NumberofContainers"/>
	                                                              <PropertyValue Property="Role" EnumMember="UI.ChartMeasureRoleType/Axis1"/>
	                                                       </Record>
	                                                </Collection>
	                                         </PropertyValue>
	                                         <PropertyValue Property="Dimensions">
	                                                <Collection>
	                                                       <PropertyPath>Reason</PropertyPath>
												           <PropertyPath>PortName</PropertyPath>   														   
	                                                       <PropertyPath>ResponsibleParty</PropertyPath>              
	                                                </Collection>
	                                         </PropertyValue>
	                                         <PropertyValue Property="DimensionAttributes">
	                                                <Collection>
	                                                       <Record Type="UI.ChartDimensionAttributeType">
	                                                              <PropertyValue Property="Dimension" PropertyPath="PortName"/>
	                                                              <PropertyValue Property="Role" EnumMember="UI.ChartDimensionRoleType/Category"/>
	                                                       </Record>
	                                                </Collection>											 
	                                                <Collection>
	                                                       <Record Type="UI.ChartDimensionAttributeType">
	                                                              <PropertyValue Property="Dimension" PropertyPath="ResponsibleParty"/>
	                                                              <PropertyValue Property="Role" EnumMember="UI.ChartDimensionRoleType/Category"/>
	                                                       </Record>
	                                                </Collection>																									
	                                                <Collection>
	                                                       <Record Type="UI.ChartDimensionAttributeType">
	                                                              <PropertyValue Property="Dimension" PropertyPath="Reason"/>
	                                                              <PropertyValue Property="Role" EnumMember="UI.ChartDimensionRoleType/Series"/>
	                                                       </Record>
	                                                </Collection>
	                                         </PropertyValue>
	                                  </Record>
	                           </Annotation>

    <Annotation Term="UI.Identification" Qualifier="CarrierCutbyPort">
            <Collection>
                <Record Type="UI.DataFieldForIntentBasedNavigation">
                    <PropertyValue Property="SemanticObject" String="UI_PORTCALLANALYSIS"/>
                    <PropertyValue Property="Action" String="display"/>
					<PropertyValue Property="RequiresContext" Bool="true"/>
                </Record>		
            </Collection>
        </Annotation>							   
      </Annotations>

      <Annotations Target="cds_ui_portcallanalysis.C_CSLMeasurePartnerCargoType">
<!--Partner Cargo Moves Quarterly-->
				<Annotation Term="UI.KPI" Qualifier="PartnerMovesQuarterly">
					<Record Type="UI.KPIType">
						<PropertyValue Property="ID" String="PartnerMovesQuarterly"/>
				 <PropertyValue Property="DataPoint">
                    <Record Type="UI.DataPointType">
					<PropertyValue String="{@i18n>quarterlyPartnerCargo}" Property="Title"/>
                        <PropertyValue Property="Value" Path="NumberofContainers"/>					
                    </Record>						
					</PropertyValue>			
						<PropertyValue Property="Detail">
							<Record Type="UI.KPIDetailType">
								<PropertyValue Property="DefaultPresentationVariant">
									<Record Type="UI.PresentationVariantType">
										<PropertyValue Property="Visualizations">
											<Collection>
												<AnnotationPath>@UI.Chart#PartnerMovesQuarterly</AnnotationPath>
											</Collection>
										</PropertyValue>
										<PropertyValue Property="SortOrder">
											<Collection>
												<Record Type="com.sap.vocabularies.Common.v1.SortOrderType">
													<PropertyValue Property="Property" PropertyPath="CalendarYQ"/>
													<PropertyValue Property="Descending" Bool="false"/>
												</Record>
											</Collection>	
											<Collection>
												<Record Type="com.sap.vocabularies.Common.v1.SortOrderType">
													<PropertyValue Property="Property" PropertyPath="SortOrder"/>
													<PropertyValue Property="Descending" Bool="false"/>
												</Record>
											</Collection>                                            										
										</PropertyValue>										
									</Record>
								</PropertyValue>
							</Record>
						</PropertyValue>						
					</Record>
				</Annotation>

<Annotation Term="UI.Chart" Qualifier="PartnerMovesQuarterly">
	                                  <Record Type="UI.ChartDefinitionType">
	                                         <PropertyValue Property="ChartType" EnumMember="UI.ChartType/ColumnStacked"/>
											 <PropertyValue Property="Title" String="{@i18n>partnerCargoPerQuarter}"/>
	                                         <PropertyValue Property="Measures">
	                                                <Collection>
	                                                       <PropertyPath>NumberofContainers</PropertyPath>
	                                                </Collection>
	                                         </PropertyValue>
	                                         <PropertyValue Property="MeasureAttributes">
	                                                <Collection>
	                                                       <Record Type="UI.ChartMeasureAttributeType">
	                                                              <PropertyValue Property="Measure" PropertyPath="NumberofContainers"/>
	                                                              <PropertyValue Property="Role" EnumMember="UI.ChartMeasureRoleType/Axis1"/>
	                                                       </Record>
	                                                </Collection>
	                                         </PropertyValue>
	                                         <PropertyValue Property="Dimensions">
	                                                <Collection>
                                                           <PropertyPath>CalendarYQ</PropertyPath> 	                                                      												
													       <PropertyPath>CargoGroup</PropertyPath>  
														   <PropertyPath>Status</PropertyPath>                                       
	                                                </Collection>
	                                         </PropertyValue>
	                                         <PropertyValue Property="DimensionAttributes">	
	                                                <Collection>
	                                                       <Record Type="UI.ChartDimensionAttributeType">
	                                                              <PropertyValue Property="Dimension" PropertyPath="CalendarYQ"/>
	                                                              <PropertyValue Property="Role" EnumMember="UI.ChartDimensionRoleType/Category"/>
	                                                       </Record>
	                                                </Collection>                                             									 
	                                                <Collection>
	                                                       <Record Type="UI.ChartDimensionAttributeType">
	                                                              <PropertyValue Property="Dimension" PropertyPath="CargoGroup"/>
	                                                              <PropertyValue Property="Role" EnumMember="UI.ChartDimensionRoleType/Category"/>
	                                                       </Record>
	                                                </Collection>											 											
	                                                <Collection>
	                                                       <Record Type="UI.ChartDimensionAttributeType">
	                                                              <PropertyValue Property="Dimension" PropertyPath="Status"/>
	                                                              <PropertyValue Property="Role" EnumMember="UI.ChartDimensionRoleType/Series"/>
	                                                       </Record>
	                                                </Collection>
	                                                <Collection>
	                                                       <Record Type="UI.ChartDimensionAttributeType">
	                                                              <PropertyValue Property="Dimension" PropertyPath="Criticality"/>
	                                                              <PropertyValue Property="Role" EnumMember="UI.ChartDimensionRoleType/Series"/>
	                                                       </Record>
	                                                </Collection>													
	                                         </PropertyValue>
	                                  </Record>
	                           </Annotation>	

    <Annotation Term="UI.Identification" Qualifier="PartnerMovesQuarterly">
            <Collection>
                <Record Type="UI.DataFieldForIntentBasedNavigation">
                    <PropertyValue Property="SemanticObject" String="UI_PORTCALLANALYSIS"/>
                    <PropertyValue Property="Action" String="Partner"/>
					<PropertyValue Property="RequiresContext" Bool="true"/>
                </Record>
            </Collection>
        </Annotation>							   

<!--Partner Cargo Moves by Port-->
				<Annotation Term="UI.KPI" Qualifier="PartnerMovesbyPort">
					<Record Type="UI.KPIType">
						<PropertyValue Property="ID" String="PartnerMovesbyPort"/>
				 <PropertyValue Property="DataPoint">
                    <Record Type="UI.DataPointType">
					<PropertyValue String="{@i18n>partnerCargoByPort}" Property="Title"/>
                        <PropertyValue Property="Value" Path="NumberofContainers"/>					
                    </Record>						
					</PropertyValue>			
						<PropertyValue Property="Detail">
							<Record Type="UI.KPIDetailType">
								<PropertyValue Property="DefaultPresentationVariant">
									<Record Type="UI.PresentationVariantType">
										<!--<PropertyValue Property="MaxItems" Int="50"/>-->
										<PropertyValue Property="Visualizations">
											<Collection>
												<AnnotationPath>@UI.Chart#PartnerMovesbyPort</AnnotationPath>
											</Collection>
										</PropertyValue>
										<PropertyValue Property="SortOrder">
											<Collection>
												<Record Type="com.sap.vocabularies.Common.v1.SortOrderType">
													<PropertyValue Property="Property" PropertyPath="PortID"/>
													<PropertyValue Property="Descending" Bool="false"/>
												</Record>
											</Collection>
											<Collection>
												<Record Type="com.sap.vocabularies.Common.v1.SortOrderType">
													<PropertyValue Property="Property" PropertyPath="SortOrder"/>
													<PropertyValue Property="Descending" Bool="false"/>
												</Record>
											</Collection>											
										</PropertyValue>										
									</Record>
								</PropertyValue>
							</Record>
						</PropertyValue>						
					</Record>
				</Annotation>							   															   

<Annotation Term="UI.Chart" Qualifier="PartnerMovesbyPort">
	                                  <Record Type="UI.ChartDefinitionType">
	                                         <PropertyValue Property="ChartType" EnumMember="UI.ChartType/ColumnStacked"/>
											 <PropertyValue Property="Title" String="{@i18n>partnerCargoPerPort}"/>
	                                         <PropertyValue Property="Measures">
	                                                <Collection>
	                                                       <PropertyPath>NumberofContainers</PropertyPath>
	                                                </Collection>
	                                         </PropertyValue>
	                                         <PropertyValue Property="MeasureAttributes">
	                                                <Collection>
	                                                       <Record Type="UI.ChartMeasureAttributeType">
	                                                              <PropertyValue Property="Measure" PropertyPath="NumberofContainers"/>
	                                                              <PropertyValue Property="Role" EnumMember="UI.ChartMeasureRoleType/Axis1"/>
	                                                       </Record>
	                                                </Collection>												
	                                         </PropertyValue>
	                                         <PropertyValue Property="Dimensions">
	                                                <Collection>
	                                                       <PropertyPath>PortName</PropertyPath>
														   <PropertyPath>CargoGroup</PropertyPath>
	                                                       <PropertyPath>Status</PropertyPath>	                                                    
	                                                </Collection>
	                                         </PropertyValue>
	                                         <PropertyValue Property="DimensionAttributes">
	                                                <Collection>
	                                                       <Record Type="UI.ChartDimensionAttributeType">
	                                                              <PropertyValue Property="Dimension" PropertyPath="PortName"/>
	                                                              <PropertyValue Property="Role" EnumMember="UI.ChartDimensionRoleType/Category"/>
	                                                       </Record>
	                                                </Collection>
	                                                <Collection>
	                                                       <Record Type="UI.ChartDimensionAttributeType">
	                                                              <PropertyValue Property="Dimension" PropertyPath="CargoGroup"/>
	                                                              <PropertyValue Property="Role" EnumMember="UI.ChartDimensionRoleType/Category"/>
	                                                       </Record>
	                                                </Collection>

	                                                <Collection>
	                                                       <Record Type="UI.ChartDimensionAttributeType">
	                                                              <PropertyValue Property="Dimension" PropertyPath="Status"/>
	                                                              <PropertyValue Property="Role" EnumMember="UI.ChartDimensionRoleType/Series"/>
	                                                       </Record>
	                                                </Collection>
	                                                <Collection>
	                                                       <Record Type="UI.ChartDimensionAttributeType">
	                                                              <PropertyValue Property="Dimension" PropertyPath="Criticality"/>
	                                                              <PropertyValue Property="Role" EnumMember="UI.ChartDimensionRoleType/Series"/>
	                                                       </Record>
	                                                </Collection>														
	                                         </PropertyValue>
	                                  </Record>
	                           </Annotation>

    <Annotation Term="UI.Identification" Qualifier="PartnerMovesbyPort">
            <Collection>
                <Record Type="UI.DataFieldForIntentBasedNavigation">
                    <PropertyValue Property="SemanticObject" String="UI_PORTCALLANALYSIS"/>
                    <PropertyValue Property="Action" String="Partner"/>
					<PropertyValue Property="RequiresContext" Bool="true"/>
                </Record>
            </Collection>
        </Annotation>	
            </Annotations>
        </Schema>
    </edmx:DataServices>
</edmx:Edmx>