<?xml version="1.0" encoding="utf-8"?>
<edmx:Edmx Version="4.0" xmlns:edmx="http://docs.oasis-open.org/odata/ns/edmx">
    <edmx:Reference Uri="../../catalogservice;v=2/Vocabularies(TechnicalName='%2FIWBEP%2FVOC_COMMON',Version='0001',SAP__Origin='LOCAL')/$value">
        <edmx:Include Namespace="com.sap.vocabularies.Common.v1" Alias="Common"/>
    </edmx:Reference>
    <edmx:Reference Uri="../../catalogservice;v=2/Vocabularies(TechnicalName='%2FIWBEP%2FVOC_UI',Version='0001',SAP__Origin='LOCAL')/$value">
        <edmx:Include Namespace="com.sap.vocabularies.UI.v1" Alias="UI"/>
    </edmx:Reference>
    <edmx:Reference Uri="../../catalogservice;v=2/Vocabularies(TechnicalName='%2FIWBEP%2FVOC_COMMUNICATION',Version='0001',SAP__Origin='LOCAL')/$value">
        <edmx:Include Namespace="com.sap.vocabularies.Communication.v1" Alias="Communication"/>
    </edmx:Reference>
    <edmx:Reference Uri="../../catalogservice;v=2/Vocabularies(TechnicalName='%2FIWBEP%2FVOC_PERSONALDATA',Version='0001',SAP__Origin='LOCAL')/$value">
        <edmx:Include Namespace="com.sap.vocabularies.PersonalData.v1" Alias="PersonalData"/>
    </edmx:Reference>
    <edmx:Reference Uri="../../catalogservice;v=2/Vocabularies(TechnicalName='%2FIWBEP%2FVOC_VALIDATION',Version='0001',SAP__Origin='LOCAL')/$value">
        <edmx:Include Namespace="Org.OData.Validation.V1" Alias="Validation"/>
    </edmx:Reference>
    <edmx:Reference Uri="../../catalogservice;v=2/Vocabularies(TechnicalName='%2FIWBEP%2FVOC_ANALYTICS',Version='0001',SAP__Origin='LOCAL')/$value">
        <edmx:Include Namespace="com.sap.vocabularies.Analytics.v1" Alias="Analytics"/>
    </edmx:Reference>
    <edmx:Reference Uri="../../catalogservice;v=2/Vocabularies(TechnicalName='%2FIWBEP%2FVOC_HTML5',Version='0001',SAP__Origin='LOCAL')/$value">
        <edmx:Include Namespace="com.sap.vocabularies.HTML5.v1" Alias="HTML5"/>
    </edmx:Reference>
    <edmx:Reference Uri="../../../sap/c_cslportcallpartnerquery_cds/$metadata">
        <edmx:Include Namespace="C_CSLPORTCALLPARTNERQUERY_CDS" Alias="SAP"/>
    </edmx:Reference>
    <edmx:DataServices>
        <Schema Namespace="c_cslportcallpartnerquery_cd_van.v1" xmlns="http://docs.oasis-open.org/odata/ns/edm">
            <Annotations Target="C_CSLPORTCALLPARTNERQUERY_CDS.C_CSLPORTCALLPARTNERLISTSQUERYType/PortCallKey">
                <Annotation Term="UI.Hidden"/>
            </Annotations>
            <Annotations Target="C_CSLPORTCALLPARTNERQUERY_CDS.C_CSLPORTCALLPARTNERLISTSQUERYType/PortID">
                <Annotation Term="UI.Hidden"/>
            </Annotations>
            <Annotations Target="C_CSLPORTCALLPARTNERQUERY_CDS.C_CSLPORTCALLPARTNERLISTSQUERYType/TerminalID">
                <Annotation Term="UI.Hidden"/>
            </Annotations>
            <Annotations Target="C_CSLPORTCALLPARTNERQUERY_CDS.C_CSLPORTCALLPARTNERLISTSQUERYType/ScheduleUUID">
                <Annotation Term="UI.Hidden"/>
            </Annotations>
            <Annotations Target="C_CSLPORTCALLPARTNERQUERY_CDS.C_CSLPORTCALLPARTNERLISTSQUERYType/VesselOperatorID">
                <Annotation Term="UI.Hidden"/>
            </Annotations>
            <Annotations Target="C_CSLPORTCALLPARTNERQUERY_CDS.C_CSLPORTCALLPARTNERLISTSQUERYType/ArrivalDate">
                <Annotation Term="UI.Hidden"/>
            </Annotations>
            <Annotations Target="C_CSLPORTCALLPARTNERQUERY_CDS.C_CSLPORTCALLPARTNERLISTSQUERYType/CargoGroup">
                <Annotation Term="UI.Hidden"/>
            </Annotations>
            <Annotations Target="C_CSLPORTCALLPARTNERQUERY_CDS.C_CSLPORTCALLPARTNERLISTSQUERYType/SortOrder">
                <Annotation Term="UI.Hidden"/>
            </Annotations>
            <Annotations Target="C_CSLPORTCALLPARTNERQUERY_CDS.C_CSLPORTCALLPARTNERLISTSQUERYType/CutReason">
                <Annotation Term="UI.Hidden"/>
            </Annotations>
            <Annotations Target="C_CSLPORTCALLPARTNERQUERY_CDS.C_CSLPORTCALLPARTNERLISTSQUERYType/Criticality">
                <Annotation Term="UI.Hidden"/>
            </Annotations>
            <Annotations Target="C_CSLPORTCALLPARTNERQUERY_CDS.C_CSLPORTCALLPARTNERLISTSQUERYType/ID">
                <Annotation Term="UI.Hidden"/>
            </Annotations>
            <Annotations Target="C_CSLPORTCALLPARTNERQUERY_CDS.C_CSLPORTCALLPARTNERLISTSQUERYType/TotaledProperties">
                <Annotation Term="UI.Hidden"/>
            </Annotations>
            <Annotations Target="C_CSLPORTCALLPARTNERQUERY_CDS.C_CSLPORTCALLPARTNERLISTSQUERYType/NumberofContainers"/>
        </Schema>
    </edmx:DataServices>
</edmx:Edmx>