<edmx:Edmx xmlns:edmx="http://schemas.microsoft.com/ado/2007/06/edmx" xmlns:m="http://schemas.microsoft.com/ado/2007/08/dataservices/metadata" xmlns:sap="http://www.sap.com/Protocols/SAPData" Version="1.0">
<edmx:Reference xmlns:edmx="http://docs.oasis-open.org/odata/ns/edmx" Uri="https://ldcix4z.devint.net.sap:44311/sap/opu/odata/iwfnd/catalogservice;v=2/Vocabularies(TechnicalName='%2FIWBEP%2FVOC_COMMON',Version='0001',SAP__Origin='LOCAL')/$value">
<edmx:Include Namespace="com.sap.vocabularies.Common.v1" Alias="Common"/>
</edmx:Reference>
<edmx:DataServices m:DataServiceVersion="2.0">
<Schema xmlns="http://schemas.microsoft.com/ado/2008/09/edm" Namespace="C_CSLPORTCALLPARTNERQUERY_CDS" xml:lang="en" sap:schema-version="1">
<Annotation xmlns="http://docs.oasis-open.org/odata/ns/edm" Term="Core.SchemaVersion" String="1.0.0"/>
<EntityType Name="C_CSLPORTCALLPARTNERLISTSQUERYType" sap:label="Port Call Carrier Cargo Data" sap:semantics="aggregate" sap:content-version="1">
<Key>
<PropertyRef Name="ID"/>
</Key>
<Property Name="ID" Type="Edm.String" Nullable="false" sap:filterable="false" sap:updatable="false" sap:sortable="false"/>
<Property Name="TotaledProperties" Type="Edm.String" sap:aggregation-role="totaled-properties-list" sap:is-annotation="true" sap:updatable="false" sap:sortable="false"/>
<Property Name="PortCallKey" Type="Edm.Guid" sap:aggregation-role="dimension" sap:label="NodeID" sap:creatable="false" sap:updatable="false"/>
<Property Name="CalendarYQ" Type="Edm.String" MaxLength="9" sap:aggregation-role="dimension" sap:label="Year/Quarter" sap:creatable="false" sap:updatable="false"/>
<Property Name="CargoGroup" Type="Edm.String" MaxLength="9" sap:aggregation-role="dimension" sap:label="CARGOGROUP" sap:creatable="false" sap:updatable="false"/>
<Property Name="CutReason" Type="Edm.String" MaxLength="8" sap:aggregation-role="dimension" sap:label="Reason Code" sap:creatable="false" sap:updatable="false"/>
<Property Name="DGFlag" Type="Edm.String" MaxLength="1" sap:aggregation-role="dimension" sap:label="Dangerous Goods" sap:creatable="false" sap:updatable="false" sap:value-list="standard"/>
<Property Name="LineID" Type="Edm.String" MaxLength="40" sap:aggregation-role="dimension" sap:label="Line" sap:quickinfo="Loop" sap:creatable="false" sap:updatable="false"/>
<Property Name="PortCallID" Type="Edm.String" MaxLength="10" sap:aggregation-role="dimension" sap:label="Port Call" sap:quickinfo="Port Call ID" sap:creatable="false" sap:updatable="false"/>
<Property Name="PortID" Type="Edm.String" MaxLength="20" sap:aggregation-role="dimension" sap:label="Location" sap:creatable="false" sap:updatable="false"/>
<Property Name="PortName" Type="Edm.String" MaxLength="40" sap:aggregation-role="dimension" sap:label="Port" sap:quickinfo="Location Description" sap:creatable="false" sap:updatable="false"/>
<Property Name="Reason" Type="Edm.String" MaxLength="80" sap:aggregation-role="dimension" sap:label="Cut Reason" sap:quickinfo="Reason Code Description" sap:creatable="false" sap:updatable="false"/>
<Property Name="ReeferFlag" Type="Edm.String" MaxLength="1" sap:aggregation-role="dimension" sap:label="Reefer Cargo" sap:quickinfo="Reefer" sap:creatable="false" sap:updatable="false" sap:value-list="standard"/>
<Property Name="SortOrder" Type="Edm.String" MaxLength="10" sap:aggregation-role="dimension" sap:label="SORTORDER" sap:creatable="false" sap:updatable="false"/>
<Property Name="Status" Type="Edm.String" MaxLength="9" sap:aggregation-role="dimension" sap:label="Cargo Status" sap:creatable="false" sap:updatable="false"/>
<Property Name="TerminalID" Type="Edm.String" MaxLength="20" sap:aggregation-role="dimension" sap:label="Location" sap:creatable="false" sap:updatable="false"/>
<Property Name="Vessel" Type="Edm.String" MaxLength="35" sap:aggregation-role="dimension" sap:label="Vessel" sap:creatable="false" sap:updatable="false"/>
<Property Name="VoyageID" Type="Edm.String" MaxLength="10" sap:aggregation-role="dimension" sap:label="Voyage" sap:quickinfo="Voyage / Train Number" sap:creatable="false" sap:updatable="false"/>
<Property Name="VesselOperatorID" Type="Edm.String" MaxLength="10" sap:aggregation-role="dimension" sap:label="Vessel Operator" sap:creatable="false" sap:updatable="false"/>
<Property Name="ScheduleUUID" Type="Edm.Guid" sap:aggregation-role="dimension" sap:label="Schedule Root Unique ID" sap:creatable="false" sap:updatable="false"/>
<Property Name="CalendarMonth" Type="Edm.String" MaxLength="2" sap:aggregation-role="dimension" sap:label="Month" sap:quickinfo="Calendar Month" sap:creatable="false" sap:updatable="false"/>
<Property Name="CalendarQuarter" Type="Edm.String" MaxLength="1" sap:aggregation-role="dimension" sap:label="Quarter" sap:quickinfo="Calendar Quarter" sap:creatable="false" sap:updatable="false"/>
<Property Name="TerminalName" Type="Edm.String" MaxLength="40" sap:aggregation-role="dimension" sap:label="Terminal" sap:quickinfo="Location Description" sap:creatable="false" sap:updatable="false"/>
<Property Name="BookingNumber" Type="Edm.String" MaxLength="35" sap:aggregation-role="dimension" sap:label="Booking Number" sap:quickinfo="Partner Booking Reference" sap:creatable="false" sap:updatable="false"/>
<Property Name="CalendarYear" Type="Edm.String" MaxLength="4" sap:aggregation-role="dimension" sap:label="Year" sap:quickinfo="Calendar Year" sap:creatable="false" sap:updatable="false"/>
<Property Name="ArrivalDate" Type="Edm.String" MaxLength="10" sap:aggregation-role="dimension" sap:text="ArrivalDate_T" sap:label="Arrival Date" sap:creatable="false" sap:updatable="false" sap:semantics="yearmonthday"/>
<Property Name="ArrivalDate_T" Type="Edm.String" MaxLength="10" sap:label="Arrival Date (Description)" sap:creatable="false" sap:updatable="false" sap:filterable="false"/>
<Property Name="ResponsibleParty" Type="Edm.String" MaxLength="7" sap:aggregation-role="dimension" sap:label="Cut Responsible Party" sap:creatable="false" sap:updatable="false"/>
<Property Name="VesselOperator" Type="Edm.String" MaxLength="81" sap:aggregation-role="dimension" sap:label="Vessel Operator" sap:creatable="false" sap:updatable="false"/>
<Property Name="BreakBulkFlag" Type="Edm.String" MaxLength="1" sap:aggregation-role="dimension" sap:label="Break Bulk" sap:creatable="false" sap:updatable="false" sap:value-list="standard"/>
<Property Name="ContainerID" Type="Edm.String" MaxLength="40" sap:aggregation-role="dimension" sap:label="Container ID" sap:quickinfo="Container" sap:creatable="false" sap:updatable="false"/>
<Property Name="OutofGaugeFlag" Type="Edm.String" MaxLength="1" sap:aggregation-role="dimension" sap:label="Out of Gauge Cargo" sap:quickinfo="Out of Gauge" sap:creatable="false" sap:updatable="false" sap:value-list="standard"/>
<Property Name="Criticality" Type="Edm.String" MaxLength="10" sap:aggregation-role="dimension" sap:label="CRITICALITY" sap:creatable="false" sap:updatable="false"/>
<Property Name="PartnerName" Type="Edm.String" MaxLength="81" sap:aggregation-role="dimension" sap:label="Partner" sap:creatable="false" sap:updatable="false"/>
<Property Name="NumberofContainers" Type="Edm.Decimal" Precision="42" Scale="2" sap:aggregation-role="measure" sap:filterable="false" sap:text="NumberofContainers_F" sap:updatable="false" sap:label="Total Containers" sap:creatable="false"/>
<Property Name="NumberofContainers_F" Type="Edm.String" MaxLength="60" sap:label="Total Containers (Formatted)" sap:creatable="false" sap:updatable="false" sap:filterable="false"/>
</EntityType>
<EntityType Name="DGFlag" sap:label="Dangerous Goods (Master Data)" sap:value-list="true" sap:content-version="1">
<Key>
<PropertyRef Name="DGFlag_ID"/>
</Key>
<Property Name="DGFlag_ID" Type="Edm.String" Nullable="false" MaxLength="1" sap:text="DGFlagText" sap:label="Dangerous Goods" sap:creatable="false" sap:updatable="false" sap:sortable="false"/>
<Property Name="DGFlagText" Type="Edm.String" sap:label="Dangerous Goods (Description)" sap:creatable="false" sap:updatable="false" sap:sortable="false"/>
</EntityType>
<EntityType Name="DGFlagResult" sap:label="Dangerous Goods (Booked Data)" sap:value-list="true" sap:content-version="1">
<Key>
<PropertyRef Name="DGFlag"/>
</Key>
<Property Name="DGFlag" Type="Edm.String" Nullable="false" MaxLength="1" sap:label="Dangerous Goods" sap:creatable="false" sap:updatable="false" sap:sortable="false"/>
<Property Name="PortCallKey" Type="Edm.Guid" sap:label="NodeID" sap:creatable="false" sap:updatable="false" sap:sortable="false"/>
<Property Name="CalendarYQ" Type="Edm.String" MaxLength="9" sap:label="Year/Quarter" sap:creatable="false" sap:updatable="false" sap:sortable="false"/>
<Property Name="CargoGroup" Type="Edm.String" MaxLength="9" sap:label="CARGOGROUP" sap:creatable="false" sap:updatable="false" sap:sortable="false"/>
<Property Name="CutReason" Type="Edm.String" MaxLength="8" sap:label="Reason Code" sap:creatable="false" sap:updatable="false" sap:sortable="false"/>
<Property Name="LineID" Type="Edm.String" MaxLength="40" sap:label="Line" sap:creatable="false" sap:updatable="false" sap:sortable="false"/>
<Property Name="PortCallID" Type="Edm.String" MaxLength="10" sap:label="Port Call" sap:creatable="false" sap:updatable="false" sap:sortable="false"/>
<Property Name="PortID" Type="Edm.String" MaxLength="20" sap:label="Location" sap:creatable="false" sap:updatable="false" sap:sortable="false"/>
<Property Name="PortName" Type="Edm.String" MaxLength="40" sap:label="Port" sap:creatable="false" sap:updatable="false" sap:sortable="false"/>
<Property Name="Reason" Type="Edm.String" MaxLength="80" sap:label="Cut Reason" sap:creatable="false" sap:updatable="false" sap:sortable="false"/>
<Property Name="ReeferFlag" Type="Edm.String" MaxLength="1" sap:label="Reefer Cargo" sap:creatable="false" sap:updatable="false" sap:sortable="false"/>
<Property Name="SortOrder" Type="Edm.String" MaxLength="10" sap:label="SORTORDER" sap:creatable="false" sap:updatable="false" sap:sortable="false"/>
<Property Name="Status" Type="Edm.String" MaxLength="9" sap:label="Cargo Status" sap:creatable="false" sap:updatable="false" sap:sortable="false"/>
<Property Name="TerminalID" Type="Edm.String" MaxLength="20" sap:label="Location" sap:creatable="false" sap:updatable="false" sap:sortable="false"/>
<Property Name="Vessel" Type="Edm.String" MaxLength="35" sap:label="Vessel" sap:creatable="false" sap:updatable="false" sap:sortable="false"/>
<Property Name="VoyageID" Type="Edm.String" MaxLength="10" sap:label="Voyage" sap:creatable="false" sap:updatable="false" sap:sortable="false"/>
<Property Name="VesselOperatorID" Type="Edm.String" MaxLength="10" sap:label="Vessel Operator" sap:creatable="false" sap:updatable="false" sap:sortable="false"/>
<Property Name="ScheduleUUID" Type="Edm.Guid" sap:label="Schedule Root Unique ID" sap:creatable="false" sap:updatable="false" sap:sortable="false"/>
<Property Name="CalendarMonth" Type="Edm.String" MaxLength="2" sap:label="Month" sap:creatable="false" sap:updatable="false" sap:sortable="false"/>
<Property Name="CalendarQuarter" Type="Edm.String" MaxLength="1" sap:label="Quarter" sap:creatable="false" sap:updatable="false" sap:sortable="false"/>
<Property Name="TerminalName" Type="Edm.String" MaxLength="40" sap:label="Terminal" sap:creatable="false" sap:updatable="false" sap:sortable="false"/>
<Property Name="BookingNumber" Type="Edm.String" MaxLength="35" sap:label="Booking Number" sap:creatable="false" sap:updatable="false" sap:sortable="false"/>
<Property Name="CalendarYear" Type="Edm.String" MaxLength="4" sap:label="Year" sap:creatable="false" sap:updatable="false" sap:sortable="false"/>
<Property Name="ArrivalDate" Type="Edm.String" MaxLength="10" sap:text="ArrivalDate_T" sap:label="Arrival Date" sap:creatable="false" sap:updatable="false" sap:sortable="false"/>
<Property Name="ArrivalDate_T" Type="Edm.String" sap:label="Arrival Date (Description)" sap:creatable="false" sap:updatable="false" sap:sortable="false" sap:filterable="false"/>
<Property Name="ResponsibleParty" Type="Edm.String" MaxLength="7" sap:label="Cut Responsible Party" sap:creatable="false" sap:updatable="false" sap:sortable="false"/>
<Property Name="VesselOperator" Type="Edm.String" MaxLength="81" sap:label="Vessel Operator" sap:creatable="false" sap:updatable="false" sap:sortable="false"/>
<Property Name="BreakBulkFlag" Type="Edm.String" MaxLength="1" sap:label="Break Bulk" sap:creatable="false" sap:updatable="false" sap:sortable="false"/>
<Property Name="ContainerID" Type="Edm.String" MaxLength="40" sap:label="Container ID" sap:creatable="false" sap:updatable="false" sap:sortable="false"/>
<Property Name="OutofGaugeFlag" Type="Edm.String" MaxLength="1" sap:label="Out of Gauge Cargo" sap:creatable="false" sap:updatable="false" sap:sortable="false"/>
<Property Name="Criticality" Type="Edm.String" MaxLength="10" sap:label="CRITICALITY" sap:creatable="false" sap:updatable="false" sap:sortable="false"/>
<Property Name="PartnerName" Type="Edm.String" MaxLength="81" sap:label="Partner" sap:creatable="false" sap:updatable="false" sap:sortable="false"/>
</EntityType>
<EntityType Name="ReeferFlag" sap:label="Reefer Cargo (Master Data)" sap:value-list="true" sap:content-version="1">
<Key>
<PropertyRef Name="ReeferFlag_ID"/>
</Key>
<Property Name="ReeferFlag_ID" Type="Edm.String" Nullable="false" MaxLength="1" sap:text="ReeferFlagText" sap:label="Reefer Cargo" sap:creatable="false" sap:updatable="false" sap:sortable="false"/>
<Property Name="ReeferFlagText" Type="Edm.String" sap:label="Reefer Cargo (Description)" sap:creatable="false" sap:updatable="false" sap:sortable="false"/>
</EntityType>
<EntityType Name="ReeferFlagResult" sap:label="Reefer Cargo (Booked Data)" sap:value-list="true" sap:content-version="1">
<Key>
<PropertyRef Name="ReeferFlag"/>
</Key>
<Property Name="ReeferFlag" Type="Edm.String" Nullable="false" MaxLength="1" sap:label="Reefer Cargo" sap:creatable="false" sap:updatable="false" sap:sortable="false"/>
<Property Name="PortCallKey" Type="Edm.Guid" sap:label="NodeID" sap:creatable="false" sap:updatable="false" sap:sortable="false"/>
<Property Name="CalendarYQ" Type="Edm.String" MaxLength="9" sap:label="Year/Quarter" sap:creatable="false" sap:updatable="false" sap:sortable="false"/>
<Property Name="CargoGroup" Type="Edm.String" MaxLength="9" sap:label="CARGOGROUP" sap:creatable="false" sap:updatable="false" sap:sortable="false"/>
<Property Name="CutReason" Type="Edm.String" MaxLength="8" sap:label="Reason Code" sap:creatable="false" sap:updatable="false" sap:sortable="false"/>
<Property Name="DGFlag" Type="Edm.String" MaxLength="1" sap:label="Dangerous Goods" sap:creatable="false" sap:updatable="false" sap:sortable="false"/>
<Property Name="LineID" Type="Edm.String" MaxLength="40" sap:label="Line" sap:creatable="false" sap:updatable="false" sap:sortable="false"/>
<Property Name="PortCallID" Type="Edm.String" MaxLength="10" sap:label="Port Call" sap:creatable="false" sap:updatable="false" sap:sortable="false"/>
<Property Name="PortID" Type="Edm.String" MaxLength="20" sap:label="Location" sap:creatable="false" sap:updatable="false" sap:sortable="false"/>
<Property Name="PortName" Type="Edm.String" MaxLength="40" sap:label="Port" sap:creatable="false" sap:updatable="false" sap:sortable="false"/>
<Property Name="Reason" Type="Edm.String" MaxLength="80" sap:label="Cut Reason" sap:creatable="false" sap:updatable="false" sap:sortable="false"/>
<Property Name="SortOrder" Type="Edm.String" MaxLength="10" sap:label="SORTORDER" sap:creatable="false" sap:updatable="false" sap:sortable="false"/>
<Property Name="Status" Type="Edm.String" MaxLength="9" sap:label="Cargo Status" sap:creatable="false" sap:updatable="false" sap:sortable="false"/>
<Property Name="TerminalID" Type="Edm.String" MaxLength="20" sap:label="Location" sap:creatable="false" sap:updatable="false" sap:sortable="false"/>
<Property Name="Vessel" Type="Edm.String" MaxLength="35" sap:label="Vessel" sap:creatable="false" sap:updatable="false" sap:sortable="false"/>
<Property Name="VoyageID" Type="Edm.String" MaxLength="10" sap:label="Voyage" sap:creatable="false" sap:updatable="false" sap:sortable="false"/>
<Property Name="VesselOperatorID" Type="Edm.String" MaxLength="10" sap:label="Vessel Operator" sap:creatable="false" sap:updatable="false" sap:sortable="false"/>
<Property Name="ScheduleUUID" Type="Edm.Guid" sap:label="Schedule Root Unique ID" sap:creatable="false" sap:updatable="false" sap:sortable="false"/>
<Property Name="CalendarMonth" Type="Edm.String" MaxLength="2" sap:label="Month" sap:creatable="false" sap:updatable="false" sap:sortable="false"/>
<Property Name="CalendarQuarter" Type="Edm.String" MaxLength="1" sap:label="Quarter" sap:creatable="false" sap:updatable="false" sap:sortable="false"/>
<Property Name="TerminalName" Type="Edm.String" MaxLength="40" sap:label="Terminal" sap:creatable="false" sap:updatable="false" sap:sortable="false"/>
<Property Name="BookingNumber" Type="Edm.String" MaxLength="35" sap:label="Booking Number" sap:creatable="false" sap:updatable="false" sap:sortable="false"/>
<Property Name="CalendarYear" Type="Edm.String" MaxLength="4" sap:label="Year" sap:creatable="false" sap:updatable="false" sap:sortable="false"/>
<Property Name="ArrivalDate" Type="Edm.String" MaxLength="10" sap:text="ArrivalDate_T" sap:label="Arrival Date" sap:creatable="false" sap:updatable="false" sap:sortable="false"/>
<Property Name="ArrivalDate_T" Type="Edm.String" sap:label="Arrival Date (Description)" sap:creatable="false" sap:updatable="false" sap:sortable="false" sap:filterable="false"/>
<Property Name="ResponsibleParty" Type="Edm.String" MaxLength="7" sap:label="Cut Responsible Party" sap:creatable="false" sap:updatable="false" sap:sortable="false"/>
<Property Name="VesselOperator" Type="Edm.String" MaxLength="81" sap:label="Vessel Operator" sap:creatable="false" sap:updatable="false" sap:sortable="false"/>
<Property Name="BreakBulkFlag" Type="Edm.String" MaxLength="1" sap:label="Break Bulk" sap:creatable="false" sap:updatable="false" sap:sortable="false"/>
<Property Name="ContainerID" Type="Edm.String" MaxLength="40" sap:label="Container ID" sap:creatable="false" sap:updatable="false" sap:sortable="false"/>
<Property Name="OutofGaugeFlag" Type="Edm.String" MaxLength="1" sap:label="Out of Gauge Cargo" sap:creatable="false" sap:updatable="false" sap:sortable="false"/>
<Property Name="Criticality" Type="Edm.String" MaxLength="10" sap:label="CRITICALITY" sap:creatable="false" sap:updatable="false" sap:sortable="false"/>
<Property Name="PartnerName" Type="Edm.String" MaxLength="81" sap:label="Partner" sap:creatable="false" sap:updatable="false" sap:sortable="false"/>
</EntityType>
<EntityType Name="BreakBulkFlag" sap:label="Break Bulk (Master Data)" sap:value-list="true" sap:content-version="1">
<Key>
<PropertyRef Name="BreakBulkFlag_ID"/>
</Key>
<Property Name="BreakBulkFlag_ID" Type="Edm.String" Nullable="false" MaxLength="1" sap:text="BreakBulkFlagText" sap:label="Break Bulk" sap:creatable="false" sap:updatable="false" sap:sortable="false"/>
<Property Name="BreakBulkFlagText" Type="Edm.String" sap:label="Break Bulk (Description)" sap:creatable="false" sap:updatable="false" sap:sortable="false"/>
</EntityType>
<EntityType Name="BreakBulkFlagResult" sap:label="Break Bulk (Booked Data)" sap:value-list="true" sap:content-version="1">
<Key>
<PropertyRef Name="BreakBulkFlag"/>
</Key>
<Property Name="BreakBulkFlag" Type="Edm.String" Nullable="false" MaxLength="1" sap:label="Break Bulk" sap:creatable="false" sap:updatable="false" sap:sortable="false"/>
<Property Name="PortCallKey" Type="Edm.Guid" sap:label="NodeID" sap:creatable="false" sap:updatable="false" sap:sortable="false"/>
<Property Name="CalendarYQ" Type="Edm.String" MaxLength="9" sap:label="Year/Quarter" sap:creatable="false" sap:updatable="false" sap:sortable="false"/>
<Property Name="CargoGroup" Type="Edm.String" MaxLength="9" sap:label="CARGOGROUP" sap:creatable="false" sap:updatable="false" sap:sortable="false"/>
<Property Name="CutReason" Type="Edm.String" MaxLength="8" sap:label="Reason Code" sap:creatable="false" sap:updatable="false" sap:sortable="false"/>
<Property Name="DGFlag" Type="Edm.String" MaxLength="1" sap:label="Dangerous Goods" sap:creatable="false" sap:updatable="false" sap:sortable="false"/>
<Property Name="LineID" Type="Edm.String" MaxLength="40" sap:label="Line" sap:creatable="false" sap:updatable="false" sap:sortable="false"/>
<Property Name="PortCallID" Type="Edm.String" MaxLength="10" sap:label="Port Call" sap:creatable="false" sap:updatable="false" sap:sortable="false"/>
<Property Name="PortID" Type="Edm.String" MaxLength="20" sap:label="Location" sap:creatable="false" sap:updatable="false" sap:sortable="false"/>
<Property Name="PortName" Type="Edm.String" MaxLength="40" sap:label="Port" sap:creatable="false" sap:updatable="false" sap:sortable="false"/>
<Property Name="Reason" Type="Edm.String" MaxLength="80" sap:label="Cut Reason" sap:creatable="false" sap:updatable="false" sap:sortable="false"/>
<Property Name="ReeferFlag" Type="Edm.String" MaxLength="1" sap:label="Reefer Cargo" sap:creatable="false" sap:updatable="false" sap:sortable="false"/>
<Property Name="SortOrder" Type="Edm.String" MaxLength="10" sap:label="SORTORDER" sap:creatable="false" sap:updatable="false" sap:sortable="false"/>
<Property Name="Status" Type="Edm.String" MaxLength="9" sap:label="Cargo Status" sap:creatable="false" sap:updatable="false" sap:sortable="false"/>
<Property Name="TerminalID" Type="Edm.String" MaxLength="20" sap:label="Location" sap:creatable="false" sap:updatable="false" sap:sortable="false"/>
<Property Name="Vessel" Type="Edm.String" MaxLength="35" sap:label="Vessel" sap:creatable="false" sap:updatable="false" sap:sortable="false"/>
<Property Name="VoyageID" Type="Edm.String" MaxLength="10" sap:label="Voyage" sap:creatable="false" sap:updatable="false" sap:sortable="false"/>
<Property Name="VesselOperatorID" Type="Edm.String" MaxLength="10" sap:label="Vessel Operator" sap:creatable="false" sap:updatable="false" sap:sortable="false"/>
<Property Name="ScheduleUUID" Type="Edm.Guid" sap:label="Schedule Root Unique ID" sap:creatable="false" sap:updatable="false" sap:sortable="false"/>
<Property Name="CalendarMonth" Type="Edm.String" MaxLength="2" sap:label="Month" sap:creatable="false" sap:updatable="false" sap:sortable="false"/>
<Property Name="CalendarQuarter" Type="Edm.String" MaxLength="1" sap:label="Quarter" sap:creatable="false" sap:updatable="false" sap:sortable="false"/>
<Property Name="TerminalName" Type="Edm.String" MaxLength="40" sap:label="Terminal" sap:creatable="false" sap:updatable="false" sap:sortable="false"/>
<Property Name="BookingNumber" Type="Edm.String" MaxLength="35" sap:label="Booking Number" sap:creatable="false" sap:updatable="false" sap:sortable="false"/>
<Property Name="CalendarYear" Type="Edm.String" MaxLength="4" sap:label="Year" sap:creatable="false" sap:updatable="false" sap:sortable="false"/>
<Property Name="ArrivalDate" Type="Edm.String" MaxLength="10" sap:text="ArrivalDate_T" sap:label="Arrival Date" sap:creatable="false" sap:updatable="false" sap:sortable="false"/>
<Property Name="ArrivalDate_T" Type="Edm.String" sap:label="Arrival Date (Description)" sap:creatable="false" sap:updatable="false" sap:sortable="false" sap:filterable="false"/>
<Property Name="ResponsibleParty" Type="Edm.String" MaxLength="7" sap:label="Cut Responsible Party" sap:creatable="false" sap:updatable="false" sap:sortable="false"/>
<Property Name="VesselOperator" Type="Edm.String" MaxLength="81" sap:label="Vessel Operator" sap:creatable="false" sap:updatable="false" sap:sortable="false"/>
<Property Name="ContainerID" Type="Edm.String" MaxLength="40" sap:label="Container ID" sap:creatable="false" sap:updatable="false" sap:sortable="false"/>
<Property Name="OutofGaugeFlag" Type="Edm.String" MaxLength="1" sap:label="Out of Gauge Cargo" sap:creatable="false" sap:updatable="false" sap:sortable="false"/>
<Property Name="Criticality" Type="Edm.String" MaxLength="10" sap:label="CRITICALITY" sap:creatable="false" sap:updatable="false" sap:sortable="false"/>
<Property Name="PartnerName" Type="Edm.String" MaxLength="81" sap:label="Partner" sap:creatable="false" sap:updatable="false" sap:sortable="false"/>
</EntityType>
<EntityType Name="OutofGaugeFlag" sap:label="Out of Gauge Cargo (Master Data)" sap:value-list="true" sap:content-version="1">
<Key>
<PropertyRef Name="OutofGaugeFlag_ID"/>
</Key>
<Property Name="OutofGaugeFlag_ID" Type="Edm.String" Nullable="false" MaxLength="1" sap:text="OutofGaugeFlagText" sap:label="Out of Gauge Cargo" sap:creatable="false" sap:updatable="false" sap:sortable="false"/>
<Property Name="OutofGaugeFlagText" Type="Edm.String" sap:label="Out of Gauge Cargo (Description)" sap:creatable="false" sap:updatable="false" sap:sortable="false"/>
</EntityType>
<EntityType Name="OutofGaugeFlagResult" sap:label="Out of Gauge Cargo (Booked Data)" sap:value-list="true" sap:content-version="1">
<Key>
<PropertyRef Name="OutofGaugeFlag"/>
</Key>
<Property Name="OutofGaugeFlag" Type="Edm.String" Nullable="false" MaxLength="1" sap:label="Out of Gauge Cargo" sap:creatable="false" sap:updatable="false" sap:sortable="false"/>
<Property Name="PortCallKey" Type="Edm.Guid" sap:label="NodeID" sap:creatable="false" sap:updatable="false" sap:sortable="false"/>
<Property Name="CalendarYQ" Type="Edm.String" MaxLength="9" sap:label="Year/Quarter" sap:creatable="false" sap:updatable="false" sap:sortable="false"/>
<Property Name="CargoGroup" Type="Edm.String" MaxLength="9" sap:label="CARGOGROUP" sap:creatable="false" sap:updatable="false" sap:sortable="false"/>
<Property Name="CutReason" Type="Edm.String" MaxLength="8" sap:label="Reason Code" sap:creatable="false" sap:updatable="false" sap:sortable="false"/>
<Property Name="DGFlag" Type="Edm.String" MaxLength="1" sap:label="Dangerous Goods" sap:creatable="false" sap:updatable="false" sap:sortable="false"/>
<Property Name="LineID" Type="Edm.String" MaxLength="40" sap:label="Line" sap:creatable="false" sap:updatable="false" sap:sortable="false"/>
<Property Name="PortCallID" Type="Edm.String" MaxLength="10" sap:label="Port Call" sap:creatable="false" sap:updatable="false" sap:sortable="false"/>
<Property Name="PortID" Type="Edm.String" MaxLength="20" sap:label="Location" sap:creatable="false" sap:updatable="false" sap:sortable="false"/>
<Property Name="PortName" Type="Edm.String" MaxLength="40" sap:label="Port" sap:creatable="false" sap:updatable="false" sap:sortable="false"/>
<Property Name="Reason" Type="Edm.String" MaxLength="80" sap:label="Cut Reason" sap:creatable="false" sap:updatable="false" sap:sortable="false"/>
<Property Name="ReeferFlag" Type="Edm.String" MaxLength="1" sap:label="Reefer Cargo" sap:creatable="false" sap:updatable="false" sap:sortable="false"/>
<Property Name="SortOrder" Type="Edm.String" MaxLength="10" sap:label="SORTORDER" sap:creatable="false" sap:updatable="false" sap:sortable="false"/>
<Property Name="Status" Type="Edm.String" MaxLength="9" sap:label="Cargo Status" sap:creatable="false" sap:updatable="false" sap:sortable="false"/>
<Property Name="TerminalID" Type="Edm.String" MaxLength="20" sap:label="Location" sap:creatable="false" sap:updatable="false" sap:sortable="false"/>
<Property Name="Vessel" Type="Edm.String" MaxLength="35" sap:label="Vessel" sap:creatable="false" sap:updatable="false" sap:sortable="false"/>
<Property Name="VoyageID" Type="Edm.String" MaxLength="10" sap:label="Voyage" sap:creatable="false" sap:updatable="false" sap:sortable="false"/>
<Property Name="VesselOperatorID" Type="Edm.String" MaxLength="10" sap:label="Vessel Operator" sap:creatable="false" sap:updatable="false" sap:sortable="false"/>
<Property Name="ScheduleUUID" Type="Edm.Guid" sap:label="Schedule Root Unique ID" sap:creatable="false" sap:updatable="false" sap:sortable="false"/>
<Property Name="CalendarMonth" Type="Edm.String" MaxLength="2" sap:label="Month" sap:creatable="false" sap:updatable="false" sap:sortable="false"/>
<Property Name="CalendarQuarter" Type="Edm.String" MaxLength="1" sap:label="Quarter" sap:creatable="false" sap:updatable="false" sap:sortable="false"/>
<Property Name="TerminalName" Type="Edm.String" MaxLength="40" sap:label="Terminal" sap:creatable="false" sap:updatable="false" sap:sortable="false"/>
<Property Name="BookingNumber" Type="Edm.String" MaxLength="35" sap:label="Booking Number" sap:creatable="false" sap:updatable="false" sap:sortable="false"/>
<Property Name="CalendarYear" Type="Edm.String" MaxLength="4" sap:label="Year" sap:creatable="false" sap:updatable="false" sap:sortable="false"/>
<Property Name="ArrivalDate" Type="Edm.String" MaxLength="10" sap:text="ArrivalDate_T" sap:label="Arrival Date" sap:creatable="false" sap:updatable="false" sap:sortable="false"/>
<Property Name="ArrivalDate_T" Type="Edm.String" sap:label="Arrival Date (Description)" sap:creatable="false" sap:updatable="false" sap:sortable="false" sap:filterable="false"/>
<Property Name="ResponsibleParty" Type="Edm.String" MaxLength="7" sap:label="Cut Responsible Party" sap:creatable="false" sap:updatable="false" sap:sortable="false"/>
<Property Name="VesselOperator" Type="Edm.String" MaxLength="81" sap:label="Vessel Operator" sap:creatable="false" sap:updatable="false" sap:sortable="false"/>
<Property Name="BreakBulkFlag" Type="Edm.String" MaxLength="1" sap:label="Break Bulk" sap:creatable="false" sap:updatable="false" sap:sortable="false"/>
<Property Name="ContainerID" Type="Edm.String" MaxLength="40" sap:label="Container ID" sap:creatable="false" sap:updatable="false" sap:sortable="false"/>
<Property Name="Criticality" Type="Edm.String" MaxLength="10" sap:label="CRITICALITY" sap:creatable="false" sap:updatable="false" sap:sortable="false"/>
<Property Name="PartnerName" Type="Edm.String" MaxLength="81" sap:label="Partner" sap:creatable="false" sap:updatable="false" sap:sortable="false"/>
</EntityType>
<EntityType Name="ODataQueryAdditionalMetadata" sap:content-version="1">
<Key>
<PropertyRef Name="ODataQueryMetadata"/>
</Key>
<Property Name="ODataQueryMetadata" Type="Edm.String" Nullable="false" sap:creatable="false" sap:updatable="false" sap:sortable="false" sap:filterable="false"/>
<Property Name="ODataQueryMetadataValue_Current" Type="Edm.String" sap:creatable="false" sap:updatable="false" sap:sortable="false" sap:filterable="false"/>
<Property Name="ODataQueryMetadataValueAtDefine" Type="Edm.String" sap:creatable="false" sap:updatable="false" sap:sortable="false" sap:filterable="false"/>
</EntityType>
<EntityContainer Name="C_CSLPORTCALLPARTNERQUERY_CDS_Entities" m:IsDefaultEntityContainer="true" sap:supported-formats="atom json xlsx">
<EntitySet Name="C_CSLPORTCALLPARTNERLISTSQUERY" EntityType="C_CSLPORTCALLPARTNERQUERY_CDS.C_CSLPORTCALLPARTNERLISTSQUERYType" sap:creatable="false" sap:updatable="false" sap:deletable="false" sap:content-version="1"/>
<EntitySet Name="DGFlag" EntityType="C_CSLPORTCALLPARTNERQUERY_CDS.DGFlag" sap:creatable="false" sap:updatable="false" sap:deletable="false" sap:content-version="1"/>
<EntitySet Name="DGFlagResults" EntityType="C_CSLPORTCALLPARTNERQUERY_CDS.DGFlagResult" sap:creatable="false" sap:updatable="false" sap:deletable="false" sap:content-version="1"/>
<EntitySet Name="ReeferFlag" EntityType="C_CSLPORTCALLPARTNERQUERY_CDS.ReeferFlag" sap:creatable="false" sap:updatable="false" sap:deletable="false" sap:content-version="1"/>
<EntitySet Name="ReeferFlagResults" EntityType="C_CSLPORTCALLPARTNERQUERY_CDS.ReeferFlagResult" sap:creatable="false" sap:updatable="false" sap:deletable="false" sap:content-version="1"/>
<EntitySet Name="BreakBulkFlag" EntityType="C_CSLPORTCALLPARTNERQUERY_CDS.BreakBulkFlag" sap:creatable="false" sap:updatable="false" sap:deletable="false" sap:content-version="1"/>
<EntitySet Name="BreakBulkFlagResults" EntityType="C_CSLPORTCALLPARTNERQUERY_CDS.BreakBulkFlagResult" sap:creatable="false" sap:updatable="false" sap:deletable="false" sap:content-version="1"/>
<EntitySet Name="OutofGaugeFlag" EntityType="C_CSLPORTCALLPARTNERQUERY_CDS.OutofGaugeFlag" sap:creatable="false" sap:updatable="false" sap:deletable="false" sap:content-version="1"/>
<EntitySet Name="OutofGaugeFlagResults" EntityType="C_CSLPORTCALLPARTNERQUERY_CDS.OutofGaugeFlagResult" sap:creatable="false" sap:updatable="false" sap:deletable="false" sap:content-version="1"/>
<EntitySet Name="AdditionalMetadata" EntityType="C_CSLPORTCALLPARTNERQUERY_CDS.ODataQueryAdditionalMetadata" sap:creatable="false" sap:updatable="false" sap:deletable="false" sap:content-version="1"/>
</EntityContainer>
<Annotations xmlns="http://docs.oasis-open.org/odata/ns/edm" Target="C_CSLPORTCALLPARTNERQUERY_CDS.C_CSLPORTCALLPARTNERLISTSQUERYType/DGFlag">
<Annotation Term="Common.ValueList">
<Record>
<PropertyValue Property="Label" String="Dangerous Goods ( Master Data )"/>
<PropertyValue Property="CollectionPath" String="DGFlag"/>
<PropertyValue Property="SearchSupported" Bool="false"/>
<PropertyValue Property="Parameters">
<Collection>
<Record Type="Common.ValueListParameterInOut">
<PropertyValue Property="LocalDataProperty" PropertyPath="DGFlag"/>
<PropertyValue Property="ValueListProperty" String="DGFlag_ID"/>
</Record>
<Record Type="Common.ValueListParameterDisplayOnly">
<PropertyValue Property="ValueListProperty" String="DGFlagText"/>
</Record>
</Collection>
</PropertyValue>
</Record>
</Annotation>
</Annotations>
<Annotations xmlns="http://docs.oasis-open.org/odata/ns/edm" Target="C_CSLPORTCALLPARTNERQUERY_CDS.C_CSLPORTCALLPARTNERLISTSQUERYType/ReeferFlag">
<Annotation Term="Common.ValueList">
<Record>
<PropertyValue Property="Label" String="Reefer Cargo ( Master Data )"/>
<PropertyValue Property="CollectionPath" String="ReeferFlag"/>
<PropertyValue Property="SearchSupported" Bool="false"/>
<PropertyValue Property="Parameters">
<Collection>
<Record Type="Common.ValueListParameterInOut">
<PropertyValue Property="LocalDataProperty" PropertyPath="ReeferFlag"/>
<PropertyValue Property="ValueListProperty" String="ReeferFlag_ID"/>
</Record>
<Record Type="Common.ValueListParameterDisplayOnly">
<PropertyValue Property="ValueListProperty" String="ReeferFlagText"/>
</Record>
</Collection>
</PropertyValue>
</Record>
</Annotation>
</Annotations>
<Annotations xmlns="http://docs.oasis-open.org/odata/ns/edm" Target="C_CSLPORTCALLPARTNERQUERY_CDS.C_CSLPORTCALLPARTNERLISTSQUERYType/BreakBulkFlag">
<Annotation Term="Common.ValueList">
<Record>
<PropertyValue Property="Label" String="Break Bulk ( Master Data )"/>
<PropertyValue Property="CollectionPath" String="BreakBulkFlag"/>
<PropertyValue Property="SearchSupported" Bool="false"/>
<PropertyValue Property="Parameters">
<Collection>
<Record Type="Common.ValueListParameterInOut">
<PropertyValue Property="LocalDataProperty" PropertyPath="BreakBulkFlag"/>
<PropertyValue Property="ValueListProperty" String="BreakBulkFlag_ID"/>
</Record>
<Record Type="Common.ValueListParameterDisplayOnly">
<PropertyValue Property="ValueListProperty" String="BreakBulkFlagText"/>
</Record>
</Collection>
</PropertyValue>
</Record>
</Annotation>
</Annotations>
<Annotations xmlns="http://docs.oasis-open.org/odata/ns/edm" Target="C_CSLPORTCALLPARTNERQUERY_CDS.C_CSLPORTCALLPARTNERLISTSQUERYType/OutofGaugeFlag">
<Annotation Term="Common.ValueList">
<Record>
<PropertyValue Property="Label" String="Out of Gauge Cargo ( Master Data )"/>
<PropertyValue Property="CollectionPath" String="OutofGaugeFlag"/>
<PropertyValue Property="SearchSupported" Bool="false"/>
<PropertyValue Property="Parameters">
<Collection>
<Record Type="Common.ValueListParameterInOut">
<PropertyValue Property="LocalDataProperty" PropertyPath="OutofGaugeFlag"/>
<PropertyValue Property="ValueListProperty" String="OutofGaugeFlag_ID"/>
</Record>
<Record Type="Common.ValueListParameterDisplayOnly">
<PropertyValue Property="ValueListProperty" String="OutofGaugeFlagText"/>
</Record>
</Collection>
</PropertyValue>
</Record>
</Annotation>
</Annotations>
<atom:link xmlns:atom="http://www.w3.org/2005/Atom" rel="self" href="https://ldcix4z.devint.net.sap:44311/sap/opu/odata/sap/C_CSLPORTCALLPARTNERQUERY_CDS/$metadata"/>
<atom:link xmlns:atom="http://www.w3.org/2005/Atom" rel="latest-version" href="https://ldcix4z.devint.net.sap:44311/sap/opu/odata/sap/C_CSLPORTCALLPARTNERQUERY_CDS/$metadata"/>
</Schema>
</edmx:DataServices>
</edmx:Edmx>